country_name,year,election_date,iso2c,elec_id,elec_id_old,source,version_dataset,download_link,data_access,bibtex_key,do_file,folder_name,file_name,drop,drop2,swght,dwght,pwght,region,vote,part,part2,pid,pid2,pid3,pid4,pid5,pid6,pid7,pid8,pid9,pid10,pid11,pid12,pid13,pid_any,pid_any2,l_vote,l_part,stfdem,male,age,age2,lr_self,lr_A,lr_A2,lr_B,lr_B2,lr_C,lr_C2,lr_D,lr_E,lr_F,lr_G,lr_H,lr_H2,lr_I,lr_I2,lr_I3,lr_J,lr_K,lr_L,lr_M,lr_N,lr_O,lr_P,lr_Q,lr_R,lr_S,lr_T,lr_U,lr_V,lr_W,lr_Z,like_A,like_A2,like_B,like_B2,like_C,like_C2,like_D,like_E,like_F,like_G,like_H,like_I,like_J,like_K,like_L,like_M,like_N,like_O,like_Q,like_W,like_V,like_Z
Australia,1987,1987-07-11,AU,AU-1987-07,AU.1987,"Australian Election Study, 1987",1,https://dataverse.ada.edu.au/dataset.xhtml?persistentId=doi:10.4225/87/PQFNYM,1,PQFNYM_2019,20201027_nes_recodes_new_countries.do,au1987,"2. Australian Election Study, 1987.dta",,,,,,,q5reps,,,q12,,,,,,,,,,,,,,,q8reps,,,q71,q74,,q15,q16libs,,q16labor,,q16nats,,,,,,,,,,,,,,,,,,,,,,,,,,,,,,,,,,,,,,,,,,,,,,,
Australia,1990,1990-03-24,AU,AU-1990-03,AU.1990,"Australian Election Study, 1990",1,https://dataverse.ada.edu.au/dataset.xhtml?persistentId=doi:10.4225/87/KPVA0F,1,KPVA0F_2019,20201027_nes_recodes_new_countries.do,au1990,"2. Australian Election Study, 1990.dta",,,,,,,b6reps,,,b1,,,,,,,,,,,,,,,b8reps,,,j1,j2,,b3,,,,,,,,,,,,,,,,,,,,,,,,,,,,,,,,,,,,,,,,,,,,,,,,,,,,
Australia,1996,1996-03-02,AU,AU-1996-03,AU.1996,"Australian Election Study, 1996",1,https://dataverse.ada.edu.au/dataset.xhtml?persistentId=doi:10.4225/87/NSDHWM,1,NSDHWM_2019,20201027_nes_recodes_new_countries.do,au1996,"2. Australian Election Study, 1996.dta",,,,,,,b9reps,,,b1,,,,,,,,,,,,,,,b14,,a12,j1,,,b8own,b8lib,,b8alp,,b8nat,,b8demo,b8green,,,,,,,,,,,,,,,,,,,,,,,,,,,,,,,,,,,,,,,,,,,,
Australia,1998,1998-10-03,AU,AU-1998-10,AU.1998,"Australian Election Study, 1998",2,https://dataverse.ada.edu.au/dataset.xhtml?persistentId=doi:10.4225/87/FFBWUU,1,FFBWUU_2019,20201027_nes_recodes_new_countries.do,au1998,"2. Australian Election Study, 1998.dta",,,,,,,B11REPS,,,B1,,,,,,,,,,,,,,,B16,,B9,I1,I2,,B10OWN,B10LIB,,B10ALP,,B10NAT,,B10DEM,B10ONP,B10GRN,,,,,,,,,,,,,,,,,,,,,,,,,,,,,,,,,,,,,,,,,,,
Australia,2004,2004-10-09,AU,AU-2004-10,AU.2004,CSES 2,2015,https://cses.org/data-download/cses-module-2-2001-2006/,1,CSES2,20201027_cses_recodes.do,cses2,cses2.dta,B1004,,B1010_1,B1010_2,B1010_3,,B3006_1,B3004_1,,B3029_1,,,,,,,,,,,,,B3028,B3034,B3018_1,B3016,B3012,B2002,B2001,,B3045,B3038_A,,B3038_B,,B3038_C,,B3038_D,,B3038_F,B3038_G,,,,,,,,,,,,,,,,,,,,,B3037_A,,B3037_B,,B3037_C,,B3037_D,,B3037_F,B3037_G,,,,,,,,,,,,
Australia,2007,2007-11-24,AU,AU-2007-11,AU.2007,CSES 3,2015,https://cses.org/data-download/cses-module-3-2006-2011-2/,1,CSES3,20201027_cses_recodes.do,cses3,cses3.dta,C1004,,C1010_1,C1010_2,C1010_3,,C3023_LH_DC,C3021_1,,C3020_3,,,,,,,,,,,,,C3020_1,C3020_2,C3032_LH_DC,C3031,C3019,C2002,C2001,,C3013,C3011_A,,C3011_B,,C3011_C,,C3011_D,,,,,,,,,,,,,,,,,,,,,,,,C3009_A,,C3009_B,,C3009_C,,C3009_D,,,,,,,,,,,,,,,
Australia,2010,2010-08-21,AU,AU-2010-08,AU.2010,"Australian Election Study, 2010",2,https://dataverse.ada.edu.au/dataset.xhtml?persistentId=doi:10.4225/87/CYJNSM,1,CYJNSM_2019,20201027_nes_recodes_new_countries.do,au2010,"2. Australian Election Study, 2010.dta",,,,,,,b9reps,,,b1,,,,,,,,,,,,,,,b14,,c7,h1,age,,b8own,b8lib,,b8alp,,b8nat,,b8grn,,,,,,,,,,,,,,,,,,,,,,,,,,,,,,,,,,,,,,,,,,,,,
Australia,2013,2013-09-07,AU,AU-2013-09,AU.2013,CSES 4,2018,https://cses.org/data-download/module-4-2011-2016/,1,CSES4,20201027_cses_recodes.do,cses4,cses4.dta,D1004,,D1010_1,D1010_2,D1010_3,,D3006_LH_DC,D3005_LH,,D3018_3,,,,,,,,,,,,,D3018_1,D3018_2,D3008_LH_DC,D3007_LH,D3017,D2002,D2001_Y,,D3014,D3013_A,,D3013_B,,D3013_C,,,D3013_E,,,,,,,,,,,,,,,,,,,,,,,D3011_A,,D3011_B,,D3011_C,,,D3011_E,,,,,,,,,,,,,,
Australia,2016,2016-07-02,AU,AU-2016-07,,"Australian Election Study, 2016",2,https://dataverse.ada.edu.au/dataset.xhtml?persistentId=doi:10.4225/87/7OZCZA,1,AU_2016,,au2016,"2. Australian Election Study, 2016.dta",,,,wt_enrol,,,B9_1,,,B1,,,,,,,,,,,,,,,B14,,C5,H1,H2,,B8_1,B8_2,,B8_3,,B8_4,,B8_5,,,,,,,,,,,,,,,,,,,,,,,,B18_1,,B18_2,,B18_3,,B18_4,,,,,,,,,,,,,,,
Australia,2019,2019-05-18,AU,AU-2019-05,,CSES 5,2020,https://cses.org/data-download/cses-module-5-2016-2021/,1,CSES5,20201027_cses_recodes.do,cses5,cses5.dta,E1004,,E1010_1,E1010_2,E1010_3,,E3013_LH_DC,E3012_LH,,E3024_3,,,,,,,,,,,,,E3024_1,E3024_2,E3015_LH_DC,E3014_LH,E3023,E2002,E2001_Y,,E3020,E3019_A,,E3019_B,,E3019_C,,E3019_D,,E3019_F,,,,,,,,,,,,,,,,,,,,,,E3017_A,,E3017_B,,E3017_C,,E3017_D,,E3017_F,,,,,,,,,,,,,
Austria,2013,2013-09-29,AT,AT-2013-09,AT.2013,CSES 4,2018,https://cses.org/data-download/module-4-2011-2016/,1,CSES4,20201027_cses_recodes.do,cses4,cses4.dta,D1004,,D1010_1,D1010_2,D1010_3,,D3006_LH_PL,D3005_LH,,D3018_3,,,,,,,,,,,,,D3018_1,D3018_2,D3008_LH_PL,D3007_LH,D3017,D2002,D2001_Y,,D3014,D3013_A,,D3013_B,,D3013_C,,D3013_D,D3013_E,D3013_F,D3013_G,,,,,,,,,,,,,,,,,,,,,D3011_A,,D3011_B,,D3011_C,,D3011_D,D3011_E,D3011_F,D3011_G,,,,,,,,,,,,
Austria,2017,2017-10-15,AT,AT-2017-10,AT.2017,AUTNES 2017,1,https://autnes.at/data-download/nationalratswahl-2017/,1,NES_AT_2017,20201027_nes_recodes.do,at2017,10002_da_en_v1_0.dta,,,,A5b,,,Q12LH_b,Q12LH_a,,Q22c,,,,,,,,,,,,,Q22a,Q22b,Q13b,Q13a,Q21,D02,age,,Q18,Q17a,,Q17b,,Q17c,,Q17d,Q17e,Q17f,,,,,,,,,,,,,,,,,,,,,,Q15a,,Q15b,,Q15c,,Q15d,Q15e,Q15f,,,,,,,,,,,,,
Belgium,1991,1991-11-24,BE,BE-1991-11,BE.1991,Belgium National Election Study 1991,1,https://soc.kuleuven.be/ceso/ispo/projects/copy_of_the-transformation-of-the-socio-economic-left-2013-right-cleavage,3,NES_BE_1991,20201027_nes_recodes.do,be1991,be1991.dta,,,,V_WEIGHT,,V0_8,V31,,,V78_11,,,,,,,,,,,,,V78,,V44,,,V2,V1_1,,V29,V29_1,,V29_2,,V29_3,,V29_4,V29_5,V29_6,V29_7,V29_8,,V29_9,,,V29_10,V29_11,,,,,,,,,,,,,,,,,,,,,,,,,,,,,,,,,,,
Belgium,1995,1995-05-21,BE,BE-1995-05,BE.1995,Belgium National Election Study 1995,1,https://soc.kuleuven.be/ceso/ispo/projects/copy_of_the-transformation-of-the-socio-economic-left-2013-right-cleavage,3,NES_BE_1995,20201027_nes_recodes.do,be1995,be1995.dta,,,,W_BELGR1,,Q0_8,Q42,Q41,,Q109_2,,,,,,,,,,,,,Q109_1,,Q59,,Q96,Q2,Q1_1,,Q40,,,,,,,,,,,,,,,,,,,,,,,,,,,,,,,,,,,,,,,,,,,,,,,,,,,,
Belgium,1999,1999-06-13,BE,BE-1999-06,BE.1999,Belgium National Election Study 1999,1,https://soc.kuleuven.be/ceso/ispo/projects/copy_of_the-transformation-of-the-socio-economic-left-2013-right-cleavage,3,NES_BE_1999,20201027_nes_recodes.do,be1999,p1693.dta,,,,LS_BELR,,R0_6,R35_1,,,,,,,,,,,,,,,,,,R43,,R78,R2,R1_1,,R31,R31_1,,R31_2,,R31_3,,R31_4,R31_5,R31_6,R31_9,R31_8,,R31_10,,,R31_7,,,,,,,,,,,,,,,RS6_1,,RS6_2,,RS6_3,,RS6_4,RS6_5,RS6_6,RS6_7,RS6_8,RS6_9,RS6_10,RS6_11,,,,,,,,
Belgium,2003,2003-05-18,BE,BE-2003-05,BE.2003,CSES 2,2015,https://cses.org/data-download/cses-module-2-2001-2006/,1,CSES2,20201027_cses_recodes.do,cses2,cses2.dta,B1004,,B1010_1,B1010_2,B1010_3,B2027,B3006_1,B3004_1,,B3029_1,,,,,,,,,,,,,B3028,B3034,B3018_1,B3016,B3012,B2002,B2001,,B3045,,,,,,,,,,,,,,,,,,,,,,,,,,,,,,,B3037_A,,B3037_B,,B3037_C,,B3037_D,B3037_E,B3037_F,B3037_G,B3037_H,B3037_I,,,,,,,,,,
Belgium,2007,2007-06-10,BE,BE-2007-06,BE.2007,2007 General Election Study Belgium,1,https://soc.kuleuven.be/ceso/ispo/projects/copy_of_the-transformation-of-the-socio-economic-left-2013-right-cleavage,3,NES_BE_2007,20201027_nes_recodes.do,be2007,BGES_2007_final_with_weights.dta,,,,w_age_bel,,language,q47,,,q82_2,,,,,,,,,,,,,q82,,q60,,q94,sex,age,,q144,,,,,,,,,,,,,,,,,,,,,,,,,,,,,,,q46_1,q46_8,q46_2,,q46_3,q46_5,q46_4,q46_6,q46_7,,,,,,,,,,,,,
Belgium,2019,2019-05-26,BE-VL,BE-VL-2019-05,,CSES 5,2021,https://cses.org/data-download/cses-module-5-2016-2021/,1,CSES5,,cses5,cses5.dta,E1004,,E1010_1,E1010_2,E1010_3,E1004,E3013_LH_PL,E3012_LH,,E3024_3,,,,,,,,,,,,,E3024_1,E3024_2,E3015_LH_PL,E3014_LH,E3023,E2002,E2001_Y,,E3020,E3019_A,,E3019_B,,E3019_C,,E3019_D,E3019_E,E3019_F,E3019_G,,,,,,,,,,,,,,,,,,,,,E3017_A,,E3017_B,,E3017_C,,E3017_D,E3017_E,E3017_F,E3017_G,,,,,,,,,,,,
Belgium,2019,2019-05-26,BE-WA,BE-WA-2019-05,,CSES 5,2021,https://cses.org/data-download/cses-module-5-2016-2021/,1,CSES5,,cses5,cses5.dta,E1004,,E1010_1,E1010_2,E1010_3,E1004,E3013_LH_PL,E3012_LH,,E3024_3,,,,,,,,,,,,,E3024_1,E3024_2,E3015_LH_PL,E3014_LH,E3023,E2002,E2001_Y,,E3020,E3019_A,,E3019_B,,E3019_C,,E3019_D,E3019_E,E3019_F,E3019_G,,,,,,,,,,,,,,,,,,,,,E3017_A,,E3017_B,,E3017_C,,E3017_D,E3017_E,E3017_F,E3017_G,,,,,,,,,,,,
Bulgaria,2001,2001-06-18,BG,BG-2001-06,BG.2001,CSES 2,2015,https://cses.org/data-download/cses-module-2-2001-2006/,1,CSES2,20201027_cses_recodes.do,cses2,cses2.dta,B1004,,B1010_1,B1010_2,B1010_3,,B3006_1,B3004_1,,B3029_1,B3035,,,,,,,,,,,,B3028,B3034,B3018_1,B3016,B3012,B2002,B2001,,B3045,B3038_A,,B3038_B,,B3038_C,,B3038_D,B3038_E,B3038_F,B3038_G,,,,,,,,,,,,,,,,,,,,,B3037_A,,B3037_B,,B3037_C,,B3037_D,B3037_E,B3037_F,B3037_G,,,,,,,,,,,,
Bulgaria,2014,2014-10-05,BG,BG-2014-10,BG.2014,CSES 4,2018,https://cses.org/data-download/module-4-2011-2016/,1,CSES4,20201027_cses_recodes.do,cses4,cses4.dta,D1004,,D1010_1,D1010_2,D1010_3,,D3006_LH_PL,D3005_LH,,D3018_3,,,,,,,,,,,,,D3018_1,D3018_2,D3008_LH_PL,D3007_LH,D3017,D2002,D2001_Y,,D3014,D3013_A,,D3013_B,,D3013_C,,D3013_D,D3013_E,D3013_F,D3013_G,D3013_H,,,,,,,,,,,,,,,,,,,,D3011_A,,D3011_B,,D3011_C,,D3011_D,D3011_E,D3011_F,D3011_G,D3011_H,,,,,,,,,,,
Canada,1974,1974-07-08,CA,CA-1974-07,CA.1974,"Canadian Election Study, 1974",1,https://www.icpsr.umich.edu/web/ICPSR/studies/7379,1,Clarke1992,20201027_nes_recodes_new_countries.do,ca1974,CES-E-1974_F1.dta,,,,,,,V162,V161,,V131,,,,,,,,,,,,,,,V175,V174,,V480,V478,,,,,,,,,,,,,,,,,,,,,,,,,,,,,,,,,,,,,,,,,,,,,,,,,,,,,,
Canada,1984,1984-09-04,CA,CA-1984-09,CA.1984,"Canadian Election Study, 1984",1,https://www.icpsr.umich.edu/web/ICPSR/studies/8544,1,Lambert1992,20201027_nes_recodes_new_countries.do,ca1984,CES-E-1984_F1.dta,,,,,,,var125,var124,,var081,,,,,,,,,,,,,,,var157,var156,,var456,var437,,var507,var509,,var510,,var511,,,,,,,,,,,,,,,,,,,,,,,,,,,,,,,,,,,,,,,,,,,,,,,
Canada,1988,1988-11-21,CA,CA-1988-11,CA.1988,"Canadian Election Study, 1988",1,https://www.icpsr.umich.edu/web/ICPSR/studies/8544,1,Johnston1992,20201027_nes_recodes_new_countries.do,ca1988,CES-E-1988_F1.dta,inpost,,,,,,xb2,xb1,,i1,,,,,,,,,,,,,,,b7,b6,,rsex,n1,,h5a,,,,,,,,,,,,,,,,,,,,,,,,,,,,,,,,,,,,,,,,,,,,,,,,,,,,
Canada,1997,1997-06-02,CA,CA-1997-06,CA.1997,"Canadian Election Study, 1997",3,https://www.icpsr.umich.edu/web/ICPSR/studies/2593,1,Blais2000,20201027_nes_recodes_new_countries.do,ca1997,CES-E-1997_F1.dta,rtype2,,,,,,pesa4,pesa2a,,pesh1,pesh6,,,,,,,,,,,,,,cpsk6,cpsk5,cpsb9,cpsrgen,cpsage,,mbsi16a,mbsi16b,,mbsi16c,,mbsi16d,,mbsi16e,mbsi16f,,,,,,,,,,,,,,,,,,,,,,,,,,,,,,,,,,,,,,,,,,,,
Canada,2008,2008-10-14,CA,CA-2008-10,CA.2008,CSES 3,2015,https://cses.org/data-download/cses-module-3-2006-2011-2/,1,CSES3,20201027_cses_recodes.do,cses3,cses3.dta,C1004,,C1010_1,C1010_2,C1010_3,,C3023_LH_DC,C3021_1,,C3020_3,,,,,,,,,,,,,C3020_1,C3020_2,C3032_LH_DC,C3031,C3019,C2002,C2001,,C3013,C3011_A,,C3011_B,,C3011_C,,C3011_D,C3011_E,,,,,,,,,,,,,,,,,,,,,,,C3009_A,,C3009_B,,C3009_C,,C3009_D,C3009_E,,,,,,,,,,,,,,
Canada,2011,2011-05-02,CA,CA-2011-05,CA.2011,CSES 4,2018,https://cses.org/data-download/module-4-2011-2016/,1,CSES4,20201027_cses_recodes.do,cses4,cses4.dta,D1004,,D1010_1,D1010_2,D1010_3,,D3006_LH_DC,D3005_LH,,D3018_3,,,,,,,,,,,,,D3018_1,D3018_2,D3008_LH_DC,D3007_LH,D3017,D2002,D2001_Y,,D3014,D3013_A,,D3013_B,,D3013_C,,D3013_D,D3013_E,,,,,,,,,,,,,,,,,,,,,,,D3011_A,,D3011_B,,D3011_C,,D3011_D,D3011_E,,,,,,,,,,,,,,
Canada,2015,2015-10-19,CA,CA-2015-10,CA.2015,CSES 4,2018,https://cses.org/data-download/module-4-2011-2016/,1,CSES4,20201027_cses_recodes.do,cses4,cses4.dta,D1004,,D1010_1,D1010_2,D1010_3,,D3006_LH_DC,D3005_LH,,D3018_3,,,,,,,,,,,,,D3018_1,D3018_2,D3008_LH_DC,D3007_LH,D3017,D2002,D2001_Y,,D3014,D3013_A,,D3013_B,,D3013_C,,D3013_D,D3013_E,,,,,,,,,,,,,,,,,,,,,,,D3011_A,,D3011_B,,D3011_C,,D3011_D,D3011_E,,,,,,,,,,,,,,
Canada,2019,2019-10-21,CA,CA-2019-10,CA.2019,CES 2019,1,https://dataverse.harvard.edu/dataset.xhtml?persistentId=doi:10.7910/DVN/8RHLG1,1,8RHLG1_2020,20210120_nes_recodes_new_data.do,ca2019,2019 Canadian Election Study - Phone Survey v1.0.dta,,,,,,,p3,p2,,p47,,,,,,,,,,,,,p45,,q60,q59,,q3,age,,p42,p36,,p37,,p38,,p39,p40,p41,,,,,,,,,,,,,,,,,,,,,,,,,,,,,,,,,,,,,,,,,,,
Czech Republic,2002,2002-06-14,CZ,CZ-2002-06,CZ.2002,CSES 2,2015,https://cses.org/data-download/cses-module-2-2001-2006/,1,CSES2,20201027_cses_recodes.do,cses2,cses2.dta,B1004,,B1010_1,B1010_2,B1010_3,,B3006_1,B3004_1,,B3029_1,B3035,,,,,,,,,,,,B3028,B3034,B3018_1,B3016,B3012,B2002,B2001,,B3045,B3038_A,,B3038_B,,B3038_C,,B3038_D,B3038_E,,,,,,,,,,,,,,,,,,,,,,,B3037_A,,B3037_B,,B3037_C,,B3037_D,B3037_E,,,,,,,,,,,,,,
Czech Republic,2006,2006-06-03,CZ,CZ-2006-06,CZ.2006,CSES 3,2015,https://cses.org/data-download/cses-module-3-2006-2011-2/,1,CSES3,20201027_cses_recodes.do,cses3,cses3.dta,C1004,,C1010_1,C1010_2,C1010_3,,C3023_LH_PL,C3021_1,,C3020_3,,,,,,,,,,,,,C3020_1,C3020_2,C3032_LH_PL,C3031,C3019,C2002,C2001,,C3013,C3011_A,,C3011_B,,C3011_C,,C3011_D,C3011_E,,,,,,,,,,,,,,,,,,,,,,,C3009_A,,C3009_B,,C3009_C,,C3009_D,C3009_E,,,,,,,,,,,,,,
Czech Republic,2010,2010-05-29,CZ,CZ-2010-05,CZ.2010,CSES 3,2015,https://cses.org/data-download/cses-module-3-2006-2011-2/,1,CSES3,20201027_cses_recodes.do,cses3,cses3.dta,C1004,,C1010_1,C1010_2,C1010_3,,C3023_LH_PL,C3021_1,,C3020_3,,,,,,,,,,,,,C3020_1,C3020_2,C3032_LH_PL,C3031,C3019,C2002,C2001,,C3013,C3011_A,,C3011_B,,C3011_C,,C3011_D,C3011_E,,C3011_G,C3011_H,,,,,,,,,,,,,,,,,,,,C3009_A,,C3009_B,,C3009_C,,C3009_D,C3009_E,,C3009_G,C3009_H,,,,,,,,,,,
Czech Republic,2013,2013-10-26,CZ,CZ-2013-10,CZ.2013,CSES 4,2018,https://cses.org/data-download/module-4-2011-2016/,1,CSES4,20201027_cses_recodes.do,cses4,cses4.dta,D1004,,D1010_1,D1010_2,D1010_3,,D3006_LH_PL,D3005_LH,,D3018_3,,,,,,,,,,,,,D3018_1,D3018_2,D3008_LH_PL,D3007_LH,D3017,D2002,D2001_Y,,D3014,D3013_A,,D3013_B,,D3013_C,,D3013_D,D3013_E,D3013_F,D3013_G,,,,,,,,,,,,,,,,,,,,,D3011_A,,D3011_B,,D3011_C,,D3011_D,D3011_E,D3011_F,D3011_G,,,,,,,,,,,,
Denmark,1973,1973-12-04,DK,DK-1973-12,DK.1973,The European Voter Database,1,https://search.gesis.org/research_data/ZA3911,3,EVP_1973-1998,20201027_nes_recodes.do,dk_long_tev,ZA3911_dk_1971-1998.dta,year,,,weight,,,vote,,,pida ,pidb,,,,,,,,,,,,,,rvote,,isdemo,sex,,,,,,,,,,,,,,,,,,,,,,,,,,,,,,,,,,symp1,,symp2,,symp3,,symp4,,symp6,,,,,,,,,,symp17,,symp22,symp26
Denmark,1975,1975-01-09,DK,DK-1975-01,DK.1975,The European Voter Database,1,https://search.gesis.org/research_data/ZA3911,3,EVP_1973-1998,20201027_nes_recodes.do,dk_long_tev,ZA3911_dk_1971-1998.dta,year,,,weight,,,vote,,,pida,pidb,,,,,,,,,,,,,,rvote,,isdemo,sex,age75,,,,,,,,,,,,,,,,,,,,,,,,,,,,,,,,,symp1,,symp2,,symp3,,symp4,,symp6,,,,,,,,,,symp17,,symp22,symp26
Denmark,1977,1977-02-15,DK,DK-1977-02,DK.1977,The European Voter Database,1,https://search.gesis.org/research_data/ZA3911,3,EVP_1973-1998,20201027_nes_recodes.do,dk_long_tev,ZA3911_dk_1971-1998.dta,year,,,weight,,,vote,,,pida,pidb,,,,,,,,,,,,,,rvote,,isdemo,sex,age77,,,,,,,,,,,,,,,,,,,,,,,,,,,,,,,,,symp1,,symp2,,symp3,,symp4,,symp6,,,,,,,,,,symp17,,symp22,symp26
Denmark,1979,1979-10-23,DK,DK-1979-10,DK.1979,The European Voter Database,1,https://search.gesis.org/research_data/ZA3911,3,EVP_1973-1998,20201027_nes_recodes.do,dk_long_tev,ZA3911_dk_1971-1998.dta,year,,,weight,,,vote,,,pida,pidb,,,,,,,,,,,,,,rvote,,isdemo,sex,age,ageca,lrsp,,,,,,,,,,,,,,,,,,,,,,,,,,,,,,,symp1,,symp2,,symp3,,symp4,,symp6,,,,,,,,,,symp17,,symp22,symp26
Denmark,1981,1981-12-08,DK,DK-1981-12,DK.1981,The European Voter Database,1,https://search.gesis.org/research_data/ZA3911,3,EVP_1973-1998,20201027_nes_recodes.do,dk_long_tev,ZA3911_dk_1971-1998.dta,year,,,weight,,,vote,,,,,,,,,,,,,,,,,,rvote,,isdemo,sex,ageca,,lrsp,,,,,,,,,,,,,,,,,,,,,,,,,,,,,,,,,,,,,,,,,,,,,,,,,,,,
Denmark,1984,1984-01-10,DK,DK-1984-01,DK.1984,The European Voter Database,1,https://search.gesis.org/research_data/ZA3911,3,EVP_1973-1998,20201027_nes_recodes.do,dk_long_tev,ZA3911_dk_1971-1998.dta,year,,,weight,,,vote,,,pida,,,,,,,,,,,,,,,rvote,,isdemo,sex,age,ageca,lrsp,,,,,,,,,,,,,,,,,,,,,,,,,,,,,,,,,,,,,,,,,,,,,,,,,,,,
Denmark,1987,1987-09-08,DK,DK-1987-09,DK.1987,The European Voter Database,1,https://search.gesis.org/research_data/ZA3911,3,EVP_1973-1998,20201027_nes_recodes.do,dk_long_tev,ZA3911_dk_1971-1998.dta,year,rvote,,weight,,,vote,,,,,,,,,,,,,,,,,,rvote,,isdemo,sex,age,ageca,,,,,,,,,,,,,,,,,,,,,,,,,,,,,,,,,,,,,,,,,,,,,,,,,,,,,
Denmark,1988,1988-05-10,DK,DK-1988-05,DK.1988,The European Voter Database,1,https://search.gesis.org/research_data/ZA3911,3,EVP_1973-1998,20201027_nes_recodes.do,dk_long_tev,ZA3911_dk_1971-1998.dta,year,rvote,,weight,,,vote,,,,,,,,,,,,,,,,,,rvote,,isdemo,sex,ageca,,,,,,,,,,,,,,,,,,,,,,,,,,,,,,,,,,,,,,,,,,,,,,,,,,,,,,
Denmark,1990,1990-12-12,DK,DK-1990-12,DK.1990,The European Voter Database,1,https://search.gesis.org/research_data/ZA3911,3,EVP_1973-1998,20201027_nes_recodes.do,dk_long_tev,ZA3911_dk_1971-1998.dta,year,,,weight,,,vote,,,pida,pidb,,,,,,,,,,,,,,rvote,,isdemo,sex,ageca,,lrsp,,,,,,,,,,,,,,,,,,,,,,,,,,,,,,,,,,,,,,,,,,,,,,,,,,,,
Denmark,1994,1994-09-21,DK,DK-1994-09,DK.1994,The European Voter Database,1,https://search.gesis.org/research_data/ZA3911,3,EVP_1973-1998,20201027_nes_recodes.do,dk_long_tev,ZA3911_dk_1971-1998.dta,year,,,weight,,,vote,,,pida,pidb,,,,,,,,,,,,,,rvote,,isdemo,sex,age,ageca,lrsp,lrp1,,lrp2,,lrp3,,lrp4,,lrp6,,,,,,,,,,,,,,lrp17,,,,,lrp22,,lrp26,symp1,,symp2,,symp3,,symp4,,symp6,,,,,,,,,,symp17,,symp22,symp26
Denmark,1998,1998-03-11,DK,DK-1998-03,DK.1998,The European Voter Database,1,https://search.gesis.org/research_data/ZA3911,3,EVP_1973-1998,20201027_nes_recodes.do,dk_long_tev,ZA3911_dk_1971-1998.dta,year,,,weight,,,vote,,,pida,pidb,,,,,,,,,,,,,,rvote,,isdemo,sex,age,ageca,lrsp,lrp1,,lrp2,,lrp3,,lrp4,,lrp6,,,,,,,,,,,,lrp15,,lrp17,,,,,lrp22,,lrp26,symp1,,symp2,,symp3,,symp4,,symp6,,,,,,,,,symp15,symp17,,symp22,symp26
Denmark,2001,2001-11-20,DK,DK-2001-11,DK.2001,CSES 2,1,https://cses.org/data-download/cses-module-2-2001-2006/,1,CSES2,20201027_cses_recodes.do,cses2,cses2.dta,B1004,,B1010_1,B1010_2,B1010_3,,B3006_1,B3004_1,,B3029_1,B3035,,,,,,,,,,,,B3028,B3034,B3018_1,B3016,B3012,B2002,B2001,,B3045,B3038_A,,B3038_B,,B3038_C,,B3038_D,B3038_E,B3038_F,B3038_G,B3038_H,,,,,,,,,,,,,,,,,,,,B3037_A,,B3037_B,,B3037_C,,B3037_D,B3037_E,B3037_F,B3037_G,B3037_H,,,,,,,,,,,
Denmark,2005,2005-02-08,DK,DK-2005-02,DK.2005,Danish Election Study 2005,1,http://dda.dk/catalogue/18184?lang=en,3,NES_DK_2005,20201027_nes_recodes.do,dk2005,Electionstudy-2005_F1.dta,,,,v356,,,v37,,,v117,,,,,,,,,,,,,v116,,v20,,v248,v312,v357,,v252,v253,,v254,,v255,,,v256,,,v257,,v258,,,v259,,,,,,,,,,,,,,,v69,,v70,,v71,,v72,v73,v74,v75,v76,v77,v78,,,,,,,,,
Denmark,2007,2007-11-13,DK,DK-2007-11,DK.2007,CSES 3,1,https://cses.org/data-download/cses-module-3-2006-2011-2/,1,CSES3,20201027_cses_recodes.do,cses3,cses3.dta,C1004,,C1010_1,C1010_2,C1010_3,,C3023_LH_PL,C3021_1,,C3020_3,,,,,,,,,,,,,C3020_1,C3020_2,C3032_LH_PL,C3031,C3019,C2002,C2001,,C3013,C3011_A,,C3011_B,,C3011_C,,C3011_D,C3011_E,C3011_F,C3011_G,C3011_H,,C3011_I,,,,,,,,,,,,,,,,,,C3009_A,,C3009_B,,C3009_C,,C3009_D,C3009_E,C3009_F,C3009_G,C3009_H,C3009_I,,,,,,,,,,
Denmark,2011,2011-09-15,DK,DK-2011-09,DK.2011,Danish Election Study 2011,1,http://dda.dk/catalogue/27067,3,NES_DK_2011,20201027_nes_recodes.do,dk2011,ElectionStudy-2011_F1.dta,,,sampling,weight_3,,,v54,,,v85,,,,,,,,,,,,,v84,,v67,,,v5,v6,,v227,v228,,v229,,v230,,v231,v232,v233,v234,v235,,,,,,,,,,,,,,,,,,,,v68,,v69,,v70,,v71,v72,v73,v74,v75,,,,,,,,,,,
Denmark,2015,2015-06-18,DK,DK-2015-06,DK.2015,Danish National Election Study 2015,1,http://dda.dk/catalogue/31083,3,NES_DK_2015,20201027_nes_recodes.do,dk2015,data31083.dta,V380,,,V389,,,V51,,,V88,,,,,,,,,,,,,V87,,V66,,,V5,V6,,V240,V241,,V242,,V243,,V244,V245,V246,V247,V248,,V249,,,,,,,,,,,,,,,,,,V67,,V68,,V69,,V70,V71,V72,V73,V74,V75,,,,,,,,,,
Estonia,2011,2011-03-06,EE,EE-2011-03,EE.2011,CSES 3,1,https://cses.org/data-download/cses-module-3-2006-2011-2/,1,CSES3,20201027_cses_recodes.do,cses3,cses3.dta,C1004,,C1010_1,C1010_2,C1010_3,,C3023_LH_PL,C3021_1,,C3020_3,,,,,,,,,,,,,C3020_1,C3020_2,C3032_LH_PL,C3031,C3019,C2002,C2001,,C3013,C3011_A,,C3011_B,,C3011_C,,C3011_D,C3011_E,C3011_F,,,,,,,,,,,,,,,,,,,,,,C3009_A,,C3009_B,,C3009_C,,C3009_D,C3009_E,C3009_F,,,,,,,,,,,,,
Finland,2003,2003-03-16,FI,FI-2003-03,FI.2003,CSES 2,2015,https://cses.org/data-download/cses-module-2-2001-2006/,1,CSES2,20201027_cses_recodes.do,cses2,cses2.dta,B1004,,B1010_1,B1010_2,B1010_3,,B3006_1,B3004_1,,B3029_1,B3035,,,,,,,,,,,,B3028,B3034,B3018_1,B3016,B3012,B2002,B2001,,B3045,B3038_A,,B3038_B,,B3038_C,,B3038_D,B3038_E,B3038_F,B3038_G,,,,,,,,,,,,,,,,,,,,,B3037_A,,B3037_B,,B3037_C,,B3037_D,B3037_E,B3037_F,B3037_G,,,,,,,,,,,,
Finland,2007,2007-03-18,FI,FI-2007-03,FI.2007,CSES 3,2015,https://cses.org/data-download/cses-module-3-2006-2011-2/,1,CSES3,20201027_cses_recodes.do,cses3,cses3.dta,C1004,,C1010_1,C1010_2,C1010_3,,C3023_LH_PL,C3021_1,,C3020_3,,,,,,,,,,,,,C3020_1,C3020_2,C3032_LH_PL,C3031,C3019,C2002,C2001,,C3013,C3011_A,,C3011_B,,C3011_C,,C3011_D,C3011_E,C3011_F,C3011_G,C3011_H,,,,,,,,,,,,,,,,,,,,C3009_A,,C3009_B,,C3009_C,,C3009_D,C3009_E,C3009_F,C3009_G,C3009_H,,,,,,,,,,,
Finland,2011,2011-04-17,FI,FI-2011-04,FI.2011,CSES 3,2015,https://cses.org/data-download/cses-module-3-2006-2011-2/,1,CSES3,20201027_cses_recodes.do,cses3,cses3.dta,C1004,,C1010_1,C1010_2,C1010_3,,C3023_LH_PL,C3021_1,,C3020_3,,,,,,,,,,,,,C3020_1,C3020_2,C3032_LH_PL,C3031,C3019,C2002,C2001,,C3013,C3011_A,,C3011_B,,C3011_C,,C3011_D,C3011_E,C3011_F,C3011_G,C3011_H,,,,,,,,,,,,,,,,,,,,C3009_A,,C3009_B,,C3009_C,,C3009_D,C3009_E,C3009_F,C3009_G,C3009_H,,,,,,,,,,,
Finland,2015,2015-04-19,FI,FI-2015-04,FI.2015,CSES 4,2018,https://cses.org/data-download/module-4-2011-2016/,1,CSES4,20201027_cses_recodes.do,cses4,cses4.dta,D1004,,D1010_1,D1010_2,D1010_3,,D3006_LH_PL,D3005_LH,,D3018_3,,,,,,,,,,,,,D3018_1,D3018_2,D3008_LH_PL,D3007_LH,D3017,D2002,D2001_Y,,D3014,D3013_A,,D3013_B,,D3013_C,,D3013_D,D3013_E,D3013_F,D3013_G,D3013_H,,,,,,,,,,,,,,,,,,,,D3011_A,,D3011_B,,D3011_C,,D3011_D,D3011_E,D3011_F,D3011_G,D3011_H,,,,,,,,,,,
Finland,2019,2019-04-14,FI,FI-2019-04,,CSES 5,2021,https://cses.org/data-download/cses-module-5-2016-2021/,1,CSES5,,cses5,cses5.dta,E1004,,E1010_1,E1010_2,E1010_3,,E3013_LH_PL,E3012_LH,,E3024_3,,,,,,,,,,,,,E3024_1,E3024_2,E3015_LH_PL,E3014_LH,E3023,E2002,E2001_Y,,E3020,E3019_A,,E3019_B,,E3019_C,,E3019_D,E3019_E,E3019_F,E3019_G,E3019_H,,E3019_I,,,,,,,,,,,,,,,,,,E3017_A,,E3017_B,,E3017_C,,E3017_D,E3017_E,E3017_F,E3017_G,E3017_H,E3017_I,,,,,,,,,,
France,1978,1978-03-12,FR,FR-1978-03,FR.1978,Enquête post-électorale française 1978,2,http://bdq.quetelet.progedo.fr/fr/Details_d_une_enquete/517,3,NES_FR_1978,20201027_nes_recodes.do,fr1978,fr.cdsp.ddi.PostElect1978_F1.sav,,,,,,,t14,,,t51,,,,,,,,,,,,,t50,,t53,,,t102,t101,,t52,,,,,,,,,,,,,,,,,,,,,,,,,,,,,,,t106,,t107,,t108,,t109,t110,t111,t112,,,,,,,,,,,,
France,1997,1997-05-25,FR,FR-1997-05,FR.1997,"French National Election Study, 1997",1,https://www.icpsr.umich.edu/icpsrweb/ICPSR/studies/3138,1,NES_FR_1997,20201027_nes_recodes.do,fr1997,fr1997.dta,,,,POIDSA,,,Q9,Q8,,Q28,,,,,,,,,,,,,,,Q35,,,RS1,RS2,,,,,,,,,,,,,,,,,,,,,,,,,,,,,,,,,,,,,,,,,,,,,,,,,,,,,,
France ,2002,2002-06-09,FR,FR-2002-06,FR.2002,Panel Electoral Français 2002,3,http://bdq.quetelet.progedo.fr/fr/Details_d_une_serie_d_enquete/1,3,NES_FR_2002,20201027_nes_recodes.do,fr2002,fr2002.dta,,,,,,,xq304,xq303,,xq56,,,,,,,,,,,,,xq55,,xq49,,,xq101,q100,,xq221,,,,,,,,,,,,,,,,,,,,,,,,,,,,,,,xq245_1,,xq245_2,,xq245_3,,xq245_4,xq245_6,xq245_5,xq245_7,,,,,,,,,,,,
France,2007,2007-06-10,FR,FR-2007-06,FR.2007,CSES 3,1,https://cses.org/data-download/cses-module-3-2006-2011-2/,1,CSES3,20201027_cses_recodes.do,cses3,cses3.dta,C1004,,C1010_1,C1010_2,C1010_3,,C3023_LH_DC,C3021_1,,C3020_3,,,,,,,,,,,,,C3020_1,C3020_2,C3032_PR_1,C3031,C3019,C2002,C2001,,C3013,C3011_A,,C3011_B,,C3011_C,,C3011_D,C3011_E,C3011_F,C3011_G,,,,,,,,,,,,,,,,,,,,,C3009_A,,C3009_B,,C3009_C,,C3009_D,C3009_E,C3009_F,C3009_G,,,,,,,,,,,,
France,2012,2012-06-10,FR,FR-2012-06,FR.2012,CSES 4,2018,https://cses.org/data-download/module-4-2011-2016/,1,CSES4,20201027_cses_recodes.do,cses4,cses4.dta,D1004,,D1010_1,D1010_2,D1010_3,,D3006_PR_1,D3005_PR_1,,D3018_3,,,,,,,,,,,,,D3018_1,D3018_2,D3008_PR_1,D3007_PR_1,D3017,D2002,D2001_Y,,D3014,D3013_A,,D3013_B,,D3013_C,,D3013_D,D3013_E,D3013_F,,,,,,,,,,,,,,,,,,,,,,D3011_A,,D3011_B,,D3011_C,,D3011_D,D3011_E,D3011_F,,,,,,,,,,,,,
France,2017,2017-06-11,FR,FR-2017-06,FR.2017,French Electoral Study 2017,2019,https://cdsp.sciences-po.fr/en/ressources-en-ligne/ressource/fr.cdsp.ddi.FES2017/,1,NES_FR_2017,20201027_cses_recodes.do,fr2017,FES2017.sav,,,,w1,,,V2,V1,,PR5,,,,,,,,,,,,,PR3,PR4,V9,V8,PR14,S2,S3,,PR8,PR7_1,,PR7_2,,PR7_3,,PR7_4,PR7_5,,,,,,,,,,,,,,,,,,,,,,,PR9_2,,PR9_4,,PR9_5,,PR9_1,PR9_6,,,,,,,,,,,,,,
Germany,1976,1976-10-03,DE,DE-1976-10,DE.1976,Election Study 1976,3,https://search.gesis.org/research_data/ZA0823,2,NES_DE_1976,20201027_nes_recodes.do,de1976,ZA0823_de_1976.dta,v434,,,v3,,v5,v437,v434,,v552,,,,,,,,,,,,,,,v515,v513,,v179,v185,,v512,v507,,v508,v510,v509,,,,,,,,,,,,,,,,,,,,,,,,,,v463,,v464,v466,v465,,,,,,,,,,,,,,,,,
Germany,1980,1980-10-05,DE,DE-1980-10,DE.1980,Election Study 1980,1,https://search.gesis.org/research_data/ZA1053,2,NES_DE_1980,20201027_nes_recodes.do,de1980,ZA1053_de_1980.dta,v5,,,v4,,v301,v248,v246,,v298,,,,,,,,,,,,,,,v12,v10,v107,v282,v283,,v93,v86,v88,v85,,v87,,v89,,,,,,,,,,,,,,,,,,,,,,,,v24,v25,v23,,v26,,v27,,,,,,,,,,,,,,,
Germany,1983,1983-03-06,DE,DE-1983-03,DE.1983,Wahlstudie 1983 (Panelstudie),2,https://search.gesis.org/research_data/ZA1276,2,NES_DE_1983,20201027_nes_recodes.do,de1983,ZA1276_de_1983.dta,v272,,,v5,,v124,v274,v272,,v395,,,,,,,,,,,,,,,v278,,v77,v109,v110,,v96,v235,v237,v234,,v236,,v238,,,,,,,,,,,,,,,,,,,,,,,,v285,v286,v284,,v287,,v288,,,,,,,,,,,,,,,
Germany,1987,1987-01-25,DE,DE-1987-01,DE.1987,Wahlstudie 1987 (Panelstudie),2,https://search.gesis.org/research_data/ZA1537,2,NES_DE_1987,20201027_nes_recodes.do,de1987,ZA1537_de_1987.dta,v195,,,v355,,v189,v202,v200,,v348,,,,,,,,,,,,,,,v363,v361,v78,v172,v175,,v314,v310,v312,v309,,v311,,v313,,,,,,,,,,,,,,,,,,,,,,,,v213,v214,v212,,v215,,v216,,,,,,,,,,,,,,,
Germany,1990,1990-12-02,DE,DE-1990-12,DE.1990,Wahlstudie 1990 (Panelstudie),2,https://search.gesis.org/research_data/ZA1919,2,NES_DE_1990,20201027_nes_recodes.do,de1990,ZA1919_de_1990.dta,v608,v160,,v164,,v160,v490,,,v606,,,,,,,,,,,,,,,v173,,v19,v136,v139,,v114,v431,v433,v430,,v432,,v434,v435,v436,,,,,,,,,,,,,,,,,,,,,,v505,v506,v504,,v507,,v508,v509,v510,,,,,,,,,,,,,
Germany,1994,1994-10-16,DE,DE-1994-10,DE.1994,Nachwahlstudie zur Bundestagswahl 1994,2,https://search.gesis.org/research_data/ZA2601,2,NES_DE_1994,20201027_nes_recodes.do,de1994,ZA2601_v2-0-0_en.dta,,,,v209,,v202,v11,v9,,v175,,,,,,,,,,,,,,,v173,v172,,v138,v206,,v89,,,,,,,,,,,,,,,,,,,,,,,,,,,,,,,v14,,v13,,v15,,v16,v18,v17,,,,,,,,,,,,,
Germany,2002,2002-09-22,DE,DE-2002-09,DE.2002,CSES 2,2015,https://cses.org/data-download/cses-module-2-2001-2006/,1,CSES2,20201027_cses_recodes.do,cses2,cses2.dta,B1004,,B1010_1,B1010_2,B1010_3,B2031,B3006_1,B3004_1,,B3029_1,B3035,,,,,,,,,,,,B3028,B3034,B3018_1,B3016,B3012,B2002,B2001,,B3045,B3038_A,,B3038_B,,B3038_C,,B3038_D,B3038_E,B3038_F,B3038_G,B3038_H,,,,,,,,,,,,,,,,,,,,B3037_A,,B3037_B,,B3037_C,,B3037_D,B3037_E,B3037_F,B3037_G,B3037_H,,,,,,,,,,,
Germany,2005,2005-09-18,DE,DE-2005-09,DE.2005,CSES 3,1,https://cses.org/data-download/cses-module-3-2006-2011-2/,1,CSES3,20201027_cses_recodes.do,cses3,cses3.dta,C1004,,C1010_1,C1010_2,C1010_3,C2027,C3023_LH_PL,C3021_1,,C3020_3,,,,,,,,,,,,,C3020_1,C3020_2,C3032_LH_PL,C3031,C3019,C2002,C2001,,C3013,C3011_A,,C3011_B,C3011_F,C3011_C,,C3011_D,C3011_E,,C3011_G,,,,,,,,,,,,,,,,,,,,,C3009_A,,C3009_B,C3009_F,C3009_C,,C3009_D,C3009_E,,C3009_G,,,,,,,,,,,,
Germany,2009,2009-09-27,DE,DE-2009-09,DE.2009,CSES 3,1,https://cses.org/data-download/cses-module-3-2006-2011-2/,1,CSES3,20201027_cses_recodes.do,cses3,cses3.dta,C1004,,C1010_1,C1010_2,C1010_3,C2027,C3023_LH_PL,C3021_1,,C3020_3,,,,,,,,,,,,,C3020_1,C3020_2,C3032_LH_PL,C3031,C3019,C2002,C2001,,C3013,C3011_A,C3011_F,C3011_B,,C3011_C,,C3011_D,C3011_E,,,,,,,,,,,,,,,,,,,,,,,C3009_A,C3009_F,C3009_B,,C3009_C,,C3009_D,C3009_E,,,,,,,,,,,,,,
Germany,2013,2013-09-22,DE,DE-2013-09,DE.2013,CSES 4,2018,https://cses.org/data-download/module-4-2011-2016/,1,CSES4,20201027_cses_recodes.do,cses4,cses4.dta,D1004,,D1010_1,D1010_2,D1010_3,D2028,D3006_LH_PL,D3005_LH,,D3018_3,,,,,,,,,,,,,D3018_1,D3018_2,D3008_LH_PL,D3007_LH,D3017,D2002,D2001_Y,,D3014,D3013_A,D3013_E,D3013_B,,D3013_C,,D3013_D,,D3013_F,D3013_G,D3013_H,,,,,,,,,,,,,,,,,,,,D3011_A,D3011_E,D3011_B,,D3011_C,,D3011_D,,D3011_F,D3011_G,D3011_H,,,,,,,,,,,
Germany,2017,2017-09-24,DE,DE-2017-09,DE.2017,Nachwahl-Querschnitt (GLES 2017),4,https://search.gesis.org/research_data/ZA6801,2,NES_DE_2017,20201027_nes_recodes.do,de2017,ZA6801_v4-0-0.dta,,,,w_ipfges,,bula ,q19bb,q17,,q125b,,,,,,,,,,,,,,,q25bb,,q33,q1,q2c,,q32,q31a,q31b,,,q31c,,q31d,q31e,q31f,q31g,,,,,,,,,,,,,,,,,,,,,q28a,q28b,,,q28c,,q28d,q28e,q28f,q28g,,,,,,,,,,,,
Greece,2009,2009-10-04,GR,GR-2009-10,GR.2009,CSES 3,1,https://cses.org/data-download/cses-module-3-2006-2011-2/,1,CSES3,20201027_cses_recodes.do,cses3,cses3.dta,C1004,,C1010_1,C1010_2,C1010_3,,C3023_LH_PL,C3021_1,,C3020_3,,,,,,,,,,,,,C3020_1,C3020_2,C3032_LH_PL,C3031,C3019,C2002,C2001,,C3013,C3011_A,,C3011_B,,C3011_C,,C3011_D,C3011_E,C3011_F,,,,,,,,,,,,,,,,,,,,,,C3009_A,,C3009_B,,C3009_C,,C3009_D,C3009_E,C3009_F,,,,,,,,,,,,,
Greece,2012,2012-05-06,GR,GR-2012-05,GR.201205,CSES 4,2018,https://cses.org/data-download/module-4-2011-2016/,1,CSES4,20201027_cses_recodes.do,cses4,cses4.dta,D1004,,D1010_1,D1010_2,D1010_3,,D3006_LH_PL,D3005_LH,,D3018_3,,,,,,,,,,,,,D3018_1,D3018_2,D3008_LH_PL,D3007_LH,D3017,D2002,D2001_Y,,D3014,D3013_A,,D3013_B,,D3013_C,,D3013_D,D3013_E,D3013_F,D3013_G,,,,,,,,,,,,,,,,,,,,,D3011_A,,D3011_B,,D3011_C,,D3011_D,D3011_E,D3011_F,D3011_G,,,,,,,,,,,,
Greece,2015,2015-01-25,GR,GR-2015-01,GR.201501,CSES 4,2018,https://cses.org/data-download/module-4-2011-2016/,1,CSES4,20201027_cses_recodes.do,cses4,cses4.dta,D1004,,D1010_1,D1010_2,D1010_3,,D3006_LH_PL,D3005_LH,,D3018_3,,,,,,,,,,,,,D3018_1,D3018_2,D3008_LH_PL,D3007_LH,D3017,D2002,D2001_Y,,D3014,D3013_A,,D3013_B,,D3013_C,,D3013_D,D3013_E,D3013_F,D3013_G,,,,,,,,,,,,,,,,,,,,,D3011_A,,D3011_B,,D3011_C,,D3011_D,D3011_E,D3011_F,D3011_G,,,,,,,,,,,,
Greece,2015,2015-09-20,GR,GR-2015-09,GR.201509,CSES 5,2020,https://cses.org/data-download/cses-module-5-2016-2021/,1,CSES5,20201027_cses_recodes.do,cses5,cses5.dta,E1004,,E1010_1,E1010_2,E1010_3,,E3013_LH_PL,E3012_LH,,E3024_3,,,,,,,,,,,,,E3024_1,E3024_2,E3015_LH_PL,E3014_LH,E3023,E2002,E2001_Y,,E3020,E3019_A,,E3019_B,,E3019_C,,E3019_D,E3019_E,E3019_F,E3019_G,E3019_H,,,,,,,,,,,,,,,,,,,,E3017_A,,E3017_B,,E3017_C,,E3017_D,E3017_E,E3017_F,E3017_G,E3017_H,,,,,,,,,,,
Hungary,2002,2002-04-07,HU,HU-2002-04,HU.2002,CSES 2,2015,https://cses.org/data-download/cses-module-2-2001-2006/,1,CSES2,20201027_cses_recodes.do,cses2,cses2.dta,B1004,,B1010_1,B1010_2,B1010_3,,B3006_1,B3004_1,,B3029_1,B3035,,,,,,,,,,,,B3028,B3034,B3018_1,B3016,B3012,B2002,B2001,,B3045,B3038_A,,B3038_B,,B3038_C,,B3038_D,B3038_E,B3038_F,,,,,,,,,,,,,,,,,,,,,,B3037_A,,B3037_B,,B3037_C,,B3037_D,B3037_E,B3037_F,,,,,,,,,,,,,
Hungary,2018,2018-04-08,HU,HU-2018-04,HU.2018,CSES 5,2020,https://cses.org/data-download/cses-module-5-2016-2021/,1,CSES5,20201027_cses_recodes.do,cses5,cses5.dta,E1004,,E1010_1,E1010_2,E1010_3,,E3013_LH_PL,E3012_LH,,E3024_3,,,,,,,,,,,,,E3024_1,E3024_2,E3015_LH_PL,E3014_LH,E3023,E2002,E2001_Y,,E3020,E3019_A,,E3019_B,,E3019_C,,E3019_D,E3019_E,,,,,,,,,,,,,,,,,,,,,,,E3017_A,,E3017_B,,E3017_C,,E3017_D,E3017_E,,,,,,,,,,,,,,
Iceland,2003,2003-05-10,IS,IS-2003-05,IS.2003,CSES 2,2015,https://cses.org/data-download/cses-module-2-2001-2006/,1,CSES2,20201027_cses_recodes.do,cses2,cses2.dta,B1004,,B1010_1,B1010_2,B1010_3,,B3006_1,B3004_1,,B3029_1,B3035,,,,,,,,,,,,B3028,B3034,B3018_1,B3016,B3012,B2002,B2001,,B3045,B3038_A,,B3038_B,,B3038_C,,B3038_D,B3038_E,,,,,,,,,,,,,,,,,,,,,,,B3037_A,,B3037_B,,B3037_C,,B3037_D,B3037_E,,,,,,,,,,,,,,
Iceland,2007,2007-05-12,IS,IS-2007-05,IS.2007,CSES 3,1,https://cses.org/data-download/cses-module-3-2006-2011-2/,1,CSES3,20201027_cses_recodes.do,cses3,cses3.dta,C1004,,C1010_1,C1010_2,C1010_3,,C3023_LH_PL,C3021_1,,C3020_3,,,,,,,,,,,,,C3020_1,C3020_2,C3032_LH_PL,C3031,C3019,C2002,C2001,,C3013,C3011_A,,C3011_B,,C3011_C,,C3011_D,C3011_E,C3011_F,,,,,,,,,,,,,,,,,,,,,,C3009_A,,C3009_B,,C3009_C,,C3009_D,C3009_E,C3009_F,,,,,,,,,,,,,
Iceland,2009,2009-04-25,IS,IS-2009-04,IS.2009,CSES 3,1,https://cses.org/data-download/cses-module-3-2006-2011-2/,1,CSES3,20201027_cses_recodes.do,cses3,cses3.dta,C1004,,C1010_1,C1010_2,C1010_3,,C3023_LH_PL,C3021_1,,C3020_3,,,,,,,,,,,,,C3020_1,C3020_2,C3032_LH_PL,C3031,C3019,C2002,C2001,,C3013,C3011_A,,C3011_B,,C3011_C,,C3011_D,C3011_E,C3011_F,,,,,,,,,,,,,,,,,,,,,,C3009_A,,C3009_B,,C3009_C,,C3009_D,C3009_E,C3009_F,,,,,,,,,,,,,
Iceland,2013,2013-04-27,IS,IS-2013-04,IS.2013,CSES 4,2018,https://cses.org/data-download/module-4-2011-2016/,1,CSES4,20201027_cses_recodes.do,cses4,cses4.dta,D1004,,D1010_1,D1010_2,D1010_3,,D3006_LH_PL,D3005_LH,,D3018_3,,,,,,,,,,,,,D3018_1,D3018_2,D3008_LH_PL,D3007_LH,D3017,D2002,D2001_Y,,D3014,D3013_A,,D3013_B,,D3013_C,,D3013_D,D3013_E,D3013_F,,,,,,,,,,,,,,,,,,,,,,D3011_A,,D3011_B,,D3011_C,,D3011_D,D3011_E,D3011_F,,,,,,,,,,,,,
Iceland,2016,2016-10-29,IS,IS-2016-10,IS.2016,CSES 5,2020,https://cses.org/data-download/cses-module-5-2016-2021/,1,CSES5,20201027_cses_recodes.do,cses5,cses5.dta,E1004,,E1010_1,E1010_2,E1010_3,,E3013_LH_PL,E3012_LH,,E3024_3,,,,,,,,,,,,,E3024_1,E3024_2,E3015_LH_PL,E3014_LH,E3023,E2002,E2001_Y,,E3020,E3019_A,,E3019_B,,E3019_C,,E3019_D,E3019_E,E3019_F,E3019_G,,,,,,,,,,,,,,,,,,,,,E3017_A,,E3017_B,,E3017_C,,E3017_D,E3017_E,E3017_F,E3017_G,,,,,,,,,,,,
Iceland,2017,2017-10-28,IS,IS-2017-10,IS.2017,CSES 5,2020,https://cses.org/data-download/cses-module-5-2016-2021/,1,CSES5,20201027_cses_recodes.do,cses5,cses5.dta,E1004,,E1010_1,E1010_2,E1010_3,,E3013_LH_PL,E3012_LH,,E3024_3,,,,,,,,,,,,,E3024_1,E3024_2,E3015_LH_PL,E3014_LH,E3023,E2002,E2001_Y,,E3020,E3019_A,,E3019_B,,E3019_C,,E3019_D,E3019_E,E3019_F,E3019_G,E3019_H,,,,,,,,,,,,,,,,,,,,E3017_A,,E3017_B,,E3017_C,,E3017_D,E3017_E,E3017_F,E3017_G,E3017_H,,,,,,,,,,,
Ireland,2002,2002-05-17,IE,IE-2002-05,IE.2002,CSES 2,2015,https://cses.org/data-download/cses-module-2-2001-2006/,1,CSES2,20201027_cses_recodes.do,cses2,cses2.dta,B1004,,B1010_1,B1010_2,B1010_3,,B3006_1,B3004_1,,B3029_1,B3033,B3035,,,,,,,,,,,B3028,B3034,B3018_1,B3016,B3012,B2002,B2001,,B3045,B3038_A,,B3038_B,,B3038_C,,B3038_D,B3038_E,B3038_F,,,,,,,,,,,,,,,,,,,,,,B3037_A,,B3037_B,,B3037_C,,B3037_D,B3037_E,B3037_F,,,,,,,,,,,,,
Ireland,2007,2007-05-24,IE,IE-2007-05,IE.2007,CSES 3,1,https://cses.org/data-download/cses-module-3-2006-2011-2/,1,CSES3,20201027_cses_recodes.do,cses3,cses3.dta,C1004,,C1010_1,C1010_2,C1010_3,,C3023_LH_PL,C3021_1,,,,,,,,,,,,,,,C3020_1,C3020_2,C3032_LH_PL,C3031,C3019,C2002,C2001,,C3013,C3011_A,,C3011_B,,C3011_C,,C3011_D,C3011_E,C3011_F,,,,,,,,,,,,,,,,,,,,,,C3009_A,,C3009_B,,C3009_C,,C3009_D,C3009_E,C3009_F,,,,,,,,,,,,,
Ireland,2011,2011-02-25,IE,IE-2011-02,IE.2011,CSES 4,2018,https://cses.org/data-download/module-4-2011-2016/,1,CSES4,20201027_cses_recodes.do,cses4,cses4.dta,D1004,,D1010_1,D1010_2,D1010_3,,D3006_LH_DC,D3005_LH,,D3018_3,,,,,,,,,,,,,D3018_1,D3018_2,D3008_LH_DC,D3007_LH,D3017,D2002,D2001_Y,,D3014,D3013_A,,D3013_B,,D3013_C,,D3013_D,,D3013_F,,,,,,,,,,,,,,,,,,,,,,D3011_A,,D3011_B,,D3011_C,,D3011_D,D3011_E,D3011_F,,,,,,,,,,,,,
Ireland,2016,2016-02-26,IE,IE-2016-02,IE.2016,CSES 5,2020,https://cses.org/data-download/cses-module-5-2016-2021/,1,CSES5,20201027_cses_recodes.do,cses5,cses5.dta,E1004,,E1010_1,E1010_2,E1010_3,,E3013_LH_DC,E3012_LH,,E3024_3,,,,,,,,,,,,,E3024_1,E3024_2,E3015_LH_DC,E3014_LH,E3023,E2002,E2001_Y,,E3020,E3019_A,,E3019_B,,E3019_C,,E3019_D,E3019_E,E3019_F,E3019_G,,,,,,,,,,,,,,,,,,,,,E3017_A,,E3017_B,,E3017_C,,E3017_D,E3017_E,E3017_F,E3017_G,,,,,,,,,,,,
Ireland,2020,2020-02-08,IE,IE-2020-02,,2020 UCD-RTE-TG4-Irish Times-Ipsos MRBI Exit Poll (INES 2),,https://dataverse.harvard.edu/dataset.xhtml?persistentId=doi:10.7910/DVN/HJIB3S,1,IE_2020,,ie2020,2020 Exit Poll.RData,weight5,,,weight5,,,firstPrefRec,,,,,,,,,,,,,,,,,,prevElection,,,gender,age,,,,,,,,,,,,,,,,,,,,,,,,,,,,,,,,,,,,,,,,,,,,,,,,,,,,,,
Israel,1973,1973-12-31,IL,IL-1973-12,IL.1973,"Israeli Election Study, 1973",1,https://www.icpsr.umich.edu/web/ICPSR/studies/2988/versions/V1,1,Arian2008,20201027_nes_recodes_new_countries.do,il1973,1973-5.dta,,,,,,,h54,,,,,,,,,,,,,,,,,,h53,,,h57,h60,,,,,,,,,,,,,,,,,,,,,,,,,,,,,,,,,,,,,,,,,,,,,,,,,,,,,,
Israel,1977,1977-05-17,IL,IL-1977-05,IL.1977,"Israeli Election Study, 1977",2,https://www.icpsr.umich.edu/web/ICPSR/studies/2989,1,Arian2013,20201027_nes_recodes_new_countries.do,il1977,1977-4.dta,,,,,,,c15,,,,,,,,,,,,,,,,,,c14,,,c19,,,,,,,,,,,,,,,,,,,,,,,,,,,,,,,,,,,,,,,,,,,,,,,,,,,,,,,
Israel,2003,2003-01-28,IL,IL-2003-01,IL.2003,CSES 2,2015,https://cses.org/data-download/cses-module-2-2001-2006/,1,CSES2,20201027_cses_recodes.do,cses2,cses2.dta,B1004,,B1010_1,B1010_2,B1010_3,,B3006_1,B3004_1,,B3029_1,B3035,,,,,,,,,,,,B3028,B3034,B3018_1,B3016,B3012,B2002,B2001,,B3045,B3038_A,,B3038_B,,B3038_C,,B3038_D,B3038_E,B3038_F,,,,,,,,,,,,,,,,,,,,,,B3037_A,,B3037_B,,B3037_C,,B3037_D,B3037_E,B3037_F,,,,,,,,,,,,,
Israel,2006,2006-03-28,IL,IL-2006-03,IL.2006,CSES 3,1,https://cses.org/data-download/cses-module-3-2006-2011-2/,1,CSES3,20201027_cses_recodes.do,cses3,cses3.dta,C1004,,C1010_1,C1010_2,C1010_3,,C3023_LH_PL,C3021_1,,C3020_3,,,,,,,,,,,,,C3020_1,C3020_2,C3032_LH_PL,C3031,C3019,C2002,C2001,,C3013,C3011_A,,C3011_B,,C3011_C,,C3011_D,C3011_E,C3011_F,,,,,,,,,,,,,,,,,,,,,,C3009_A,,C3009_B,,C3009_C,,C3009_D,C3009_E,C3009_F,,,,,,,,,,,,,
Israel,2009,2009-02-10,IL,IL-2009-02,IL.2009,"Israeli Election Study, 2009",q,https://www.tau.ac.il/~ines/2009.html,2,Arian2013a,20201027_nes_recodes_new_countries.do,il2009,2009.dta,,,,,,,q3,q1,,,,,,,,,,,,,,,,,v162,,v60,sex_1,age_1,,v90,v91,,v92,,v93,,v94,v95,v96,v97,,,,,,,,,,,,,,,,,,,,,,,,,,,,,,,,,,,,,,,,,,
Israel,2013,2013-01-22,IL,IL-2013-01,IL.2013,CSES 4,2018,https://cses.org/data-download/module-4-2011-2016/,1,CSES4,20201027_cses_recodes.do,cses4,cses4.dta,D1004,,D1010_1,D1010_2,D1010_3,,D3006_LH_PL,D3005_LH,,D3018_3,,,,,,,,,,,,,D3018_1,D3018_2,D3008_LH_PL,D3007_LH,D3017,D2002,D2001_Y,,D3014,D3013_A,,D3013_B,,D3013_C,,D3013_D,D3013_E,,D3013_G,,,,,,,,,,,,,,,,,,,,,D3011_A,,D3011_B,,D3011_C,,D3011_D,D3011_E,,D3011_G,,,,,,,,,,,,
Israel,2015,2015-03-17,IL,IL-2015-03,IL.2015,"Israeli Election Study, 2015",A&B,https://www.tau.ac.il/~ines/2015.html,2,Arian2015,20201027_nes_recodes_new_countries.do,il2015,2015.dta,after_version,,,,,,after_v2,after_v1,,after_v11,,,,,,,,,,,,,,,v101,,after_v15,sex,age,,v103,,,,,,,,,,,,,,,,,,,,,,,,,,,,,,,,,,,,,,,,,,,,,,,,,,,,
Israel,2019,2019-04-09,IL,IL-2019-04,IL.201904,"Israeli Election Study, 2019",2,https://www.tau.ac.il/~ines/2019.html,2,Arian2019,20201027_nes_recodes_new_countries.do,il201904,2019.dta,interview_wave2,,,,,,v2_after,v1_after,,v75,,,,,,,,,,,,,,,v108,,,gender,age,,v111,,,,,,,,,,,,,,,,,,,,,,,,,,,,,,,,,,,,,,,,,,,,,,,,,,,,
Israel,2019,2019-09-17,IL,IL-2019-09,IL.201909,"Israeli Election Study, 2019",4,https://www.tau.ac.il/~ines/2019.html,2,Arian2019,20210120_nes_recodes_new_data.do,il201909,Apr-Sep_2019_data_SPSS.sav,,,,,,,D2,D1,,v75,,,,,,,,,,,,,,,v108,,,gender,age,,c111,,,,,,,,,,,,,,,,,,,,,,,,,,,,,,,,,,,,,,,,,,,,,,,,,,,,
Italy,1992,1992-04-06,IT,IT-1992-04,IT.1992,ITANES 1992,2005,http://www.itanes.org/dati/,3,NES_IT_1992,20201027_nes_recodes.do,it1992,it1992.dta,,,,weight,,,q13,q7,,,,,,,,,,,,,,,,,q50,,,q2,q40,,,,,,,,,,,,,,,,,,,,,,,,,,,,,,,,,,,,,,,,,,,,,,,,,,,,,,
Italy,1994,1994-03-28,IT,IT-1994-03,IT.1994,ITANES 1994,2005,http://www.itanes.org/dati/,3,NES_IT_1994,20201027_nes_recodes.do,it1994,it1994.dta,,,,,,,q24,q14,,,,,,,,,,,,,,,,,q34,,,q55,q56,,q49,,,,,,,,,,,,,,,,,,,,,,,,,,,,,,,,,,,,,,,,,,,,,,,,,,,,
Italy,1996,1996-04-21,IT,IT-1996-04,IT.1996,ITANES 1996,2005,http://www.itanes.org/dati/,3,NES_IT_1996,20201027_nes_recodes.do,it1996,it1996.dta,,,,weight,,,q154,q143,,q131,,,,,,,,,,,,,q130,,q133,,q43,q234,q198,,q44,,,,,,,,,,,,,,,,,,,,,,,,,,,,,,,,,,,,,,,,,,,,,,,,,,,,
Italy,2001,2001-05-13,IT,IT-2001-05,IT.2001,ITANES 2001,2005,http://www.itanes.org/dati/,3,NES_IT_2001,20201027_nes_recodes.do,it2001,ITA2001_(envers2005).sav,,,,weight,,,e20,e15,,c33,,,,,,,,,,,,,c31,,e7,,,f1,eta,,c34,c35_1,,c35_8,c35_9,c35_16,,c35_2,c35_10,c35_15,c35_3,c35_11,c35_17,c35_4,c35_6,c35_13,c35_5,c35_14,c35_7,,,,,,,,,,,,,,,,,,,,,,,,,,,,,,,,,,
Italy,2006,2006-04-10,IT,IT-2006-04,IT.2006,CSES 2,2015,https://cses.org/data-download/cses-module-2-2001-2006/,1,CSES2,20201027_cses_recodes.do,cses2,cses2.dta,B1004,,B1010_1,B1010_2,B1010_3,,B3006_1,B3004_1,,B3029_1,B3035,,,,,,,,,,,,B3028,B3034,B3018_1,B3016,B3012,B2002,B2001,,B3045,B3038_A,,B3038_B,,B3038_C,,B3038_D,B3038_E,B3038_F,,,,,,,,,,,,,,,,,,,,,,B3037_A,,B3037_B,,B3037_C,,B3037_D,B3037_E,B3037_F,,,,,,,,,,,,,
Italy,2008,2008-04-13,IT,IT-2008-04,IT.2008,ITANES 2008,2009,http://www.itanes.org/dati/,3,NES_IT_2008,20201027_nes_recodes.do,it2008,ENG_2008_(itvers2009).sav,,,,weight,,,D123,D119,D119_1,D038,,,,,,,,,,,,,D036,,D053,,,A001,A002,,D045,D046_6,,D046_2,,D046_3,,D046_1,D046_5,D046_7,D046_4,,,,,,,,,,,,,,,,,,,,,,,,,,,,,,,,,,,,,,,,,,
Italy,2013,2013-02-24,IT,IT-2013-02,IT.2013,ITANES 2013,2013,http://www.itanes.org/dati/,3,NES_IT_2013,20201027_nes_recodes.do,it2013,ITA2013_(envers2016_03_16).sav,,,,weight,,,d90,d86,,d41,,,,,,,,,,,,,,,d45,,d26,sex,d1,,,,,,,,,,,,,,,,,,,,,,,,,,,,,,,,,,,,,,,,,,,,,,,,,,,,,,
Italy,2018,2018-03-04,IT,IT-2018-03,IT.2018,ITANES 2018,2019,http://www.itanes.org/dati/,3,NES_IT_2018,20201027_nes_recodes.do,it2018,2019_03_27_Itanes Pastel 2018_release_01_pre-post.sav,,,,,,,votoC1,votoA,,,,,,,,,,,,,,,,,d9_1,,,d0_1,d0_2,,d6_1_1_slice,d6_2_6_7_1_slice,,d6_2_6_7_2_slice,,d6_2_6_7_3_slice,,d6_2_6_7_4_slice,d6_2_6_7_5_slice,d6_2_6_7_6_slice,,,,,,,,,,,,,,,,,,,,,,,,,,,,,,,,,,,,,,,,,,,
Latvia,2010,2010-10-02,LV,LV-2010-10,LV.2010,CSES 3,1,https://cses.org/data-download/cses-module-3-2006-2011-2/,1,CSES3,20201027_cses_recodes.do,cses3,cses3.dta,C1004,,C1010_1,C1010_2,C1010_3,,C3023_LH_PL,C3021_1,,C3020_3,,,,,,,,,,,,,C3020_1,C3020_2,C3032_LH_PL,C3031,C3019,C2002,C2001,,C3013,C3011_A,,C3011_B,,C3011_C,,C3011_D,C3011_E,C3011_F,,,,,,,,,,,,,,,,,,,,,,C3009_A,,C3009_B,,C3009_C,,C3009_D,C3009_E,C3009_F,,,,,,,,,,,,,
Latvia,2011,2011-09-17,LV,LV-2011-09,LV.2011,CSES 4,2018,https://cses.org/data-download/module-4-2011-2016/,1,CSES4,20201027_cses_recodes.do,cses4,cses4.dta,D1004,,D1010_1,D1010_2,D1010_3,,D3006_LH_PL,D3005_LH,,D3018_3,,,,,,,,,,,,,D3018_1,D3018_2,D3008_LH_PL,D3007_LH,D3017,D2002,D2001_Y,,D3014,D3013_A,,D3013_B,,D3013_C,,D3013_D,D3013_E,D3013_F,D3013_G,,,,,,,,,,,,,,,,,,,,,D3011_A,,D3011_B,,D3011_C,,D3011_D,D3011_E,D3011_F,,,,,,,,,,,,,
Latvia,2014,2014-10-04,LV,LV-2014-10,LV.2014,CSES 4,2018,https://cses.org/data-download/module-4-2011-2016/,1,CSES4,20201027_cses_recodes.do,cses4,cses4.dta,D1004,,D1010_1,D1010_2,D1010_3,,D3006_LH_PL,D3005_LH,,D3018_3,,,,,,,,,,,,,D3018_1,D3018_2,D3008_LH_PL,D3007_LH,D3017,D2002,D2001_Y,,D3014,D3013_A,,D3013_B,,D3013_C,,D3013_D,D3013_E,D3013_F,,,,,,,,,,,,,,,,,,,,,,D3011_A,,D3011_B,,D3011_C,,D3011_D,D3011_E,D3011_F,,,,,,,,,,,,,
Lithuania,2016,2016-10-09,LT,LT-2016-10,LT.2016,CSES 5,2020,https://cses.org/data-download/cses-module-5-2016-2021/,1,CSES5,20201027_cses_recodes.do,cses5,cses5.dta,E1004,,E1010_1,E1010_2,E1010_3,,E3013_LH_PL,E3012_LH,,E3024_3,,,,,,,,,,,,,E3024_1,E3024_2,E3015_LH_PL,E3014_LH,E3023,E2002,E2001_Y,,E3020,E3019_A,,E3019_B,,E3019_C,,E3019_D,E3019_E,E3019_F,E3019_G,E3019_H,,,,,,,,,,,,,,,,,,,,E3017_A,,E3017_B,,E3017_C,,E3017_D,E3017_E,E3017_F,E3017_G,E3017_H,,,,,,,,,,,
Netherlands,1977,1977-05-25,NL,NL-1977-05,NL.1977,The European Voter Database,1,https://search.gesis.org/research_data/ZA3911,3,EVP_1973-1998,20201027_nes_recodes.do,nl_long_tev,ZA3911_nl_1971-1998.dta,year,,,,,,partycho,turnout,,pid,,,,,,,,,,,,,,,recchoic,recturn,,sex,age,,lrself,,,,,,,,,,,,,,,,,,,,,,,,,,,,,,,,,,,,,,,,,,,,,,,,,,,,
Netherlands,1981,1981-05-26,NL,NL-1981-05,NL.1981,The European Voter Database,1,https://search.gesis.org/research_data/ZA3911,3,EVP_1973-1998,20201027_nes_recodes.do,nl_long_tev,ZA3911_nl_1971-1998.dta,year,,,,,,partycho,turnout,,pid,,,,,,,,,,,,,,,recchoic,recturn,,sex,age,,lrself,,,lrp2,,lrp3,,,lrp5,,,lrp8,,,,,,,,,,,,,,,,,,,,,,,,,,,,,,,,,,,,,,,,,
Netherlands,1982,1982-09-08,NL,NL-1982-09,NL.1982,The European Voter Database,1,https://search.gesis.org/research_data/ZA3911,3,EVP_1973-1998,20201027_nes_recodes.do,nl_long_tev,ZA3911_nl_1971-1998.dta,year,,,,,,partycho,turnout,,pid,,,,,,,,,,,,,,,recchoic,recturn,,sex,age,,lrself,,,lrp2,,lrp3,,,lrp5,,,lrp8,,,,,,,,,,,,,,,,,,,,,,,,,,,,,,,,,,,,,,,,,
Netherlands,1986,1986-05-21,NL,NL-1986-05,NL.1986,The European Voter Database,1,https://search.gesis.org/research_data/ZA3911,3,EVP_1973-1998,20201027_nes_recodes.do,nl_long_tev,ZA3911_nl_1971-1998.dta,year,,,weight2,,,partycho,turnout,,pid,,,,,,,,,,,,,,,recchoic,recturn,,sex,age,,lrself,,,lrp2,,lrp3,,,lrp5,,,lrp8,,,,,,,,,,,,,,,,,,,,symp1,,symp2,,symp3,,,symp5,,,symp8,symp9,,,,,,,,,,
Netherlands,1989,1989-09-06,NL,NL-1989-09,NL.1989,"Dutch Parliamentary Election Study, 1989",1,https://www.icpsr.umich.edu/icpsrweb/ICPSR/studies/9950,1,NES_NL_1989,20201027_nes_recodes.do,nl1989,p1000.dta,VAR003,,,VAR290,,,VAR147,VAR146,,VAR023,,,,,,,,,,,,,VAR022,,VAR056,VAR055,,VAR093,VAR092,,VAR206,VAR207,,VAR208,,VAR209,,,,VAR212,VAR213,VAR214,,,,,VAR216,VAR217,VAR218,,,,,,,,,,,,,VAR249,,VAR250,,VAR251,,,,VAR254,VAR255,VAR256,,VAR258,VAR259,VAR260,,,,,,,
Netherlands,1994,1994-05-03,NL,NL-1994-05,NL.1994,"Dutch Parliamentary Election Study, 1994",1,https://www.icpsr.umich.edu/icpsrweb/ICPSR/studies/6740,1,NES_NL_1994,20201027_nes_recodes.do,nl1994,p1208.dta,,,,VAR523,,,VAR281,VAR280,,VAR022,,,,,,,,,,,,,VAR021,,VAR056,VAR055,,VAR176,VAR172,,VAR390,VAR391,,VAR392,,VAR393,,VAR394,VAR395,VAR396,VAR397,VAR398,,VAR399,,,,,,,,,,,,,,,,,,VAR091,,VAR092,,VAR093,,VAR094,VAR095,VAR096,VAR097,VAR098,VAR099,,,,,,,,,,
Netherlands,1998,1998-05-06,NL,NL-1998-05,NL.1998,"Dutch Parliamentary Election Study, 1998",1,https://www.icpsr.umich.edu/web/ICPSR/studies/2836,1,NES_NL_1998,20201027_nes_recodes.do,nl1998,p1415.dta,,,,V0027,,,V0611,V0610,,V0059,,,,,,,,,,,,,,,V0166,V0165,V0745,V0288,V0316,,V0160,V0775,,V0776,,V0777,,V0778,V0779,V0780,V0781,V0782,,V0783,,,V0784,V0785,,,,,,,,,,,,,,V0170,,V0171,,V0172,,V0173,V0174,V0175,V0176,V0177,V0178,V0179,V0180,,,,,,,,
Netherlands,2002,2002-05-15,NL,NL-2002-05,NL.2002,CSES 2,2015,https://cses.org/data-download/cses-module-2-2001-2006/,1,CSES2,20201027_cses_recodes.do,cses2,cses2.dta,B1004,,B1010_1,B1010_2,B1010_3,,B3006_1,B3004_1,,B3029_1,B3035,,,,,,,,,,,,B3028,B3034,B3018_1,B3016,B3012,B2002,B2001,,B3045,B3038_A,,B3038_B,,B3038_C,,B3038_D,B3038_E,B3038_F,B3038_G,B3038_H,,B3038_I,,,,,,,,,,,,,,,,,,B3037_A,,B3037_B,,B3037_C,,B3037_D,B3037_E,B3037_F,B3037_G,B3037_H,B3037_I,,,,,,,,,,
Netherlands,2006,2006-11-22,NL,NL-2006-11,NL.2006,CSES 3,1,https://cses.org/data-download/cses-module-3-2006-2011-2/,1,CSES3,20201027_cses_recodes.do,cses3,cses3.dta,C1004,,C1010_1,C1010_2,C1010_3,,C3023_LH_PL,C3021_1,,C3020_3,,,,,,,,,,,,,C3020_1,C3020_2,C3032_LH_PL,C3031,C3019,C2002,C2001,,C3013,C3011_A,,C3011_B,,C3011_C,,C3011_D,C3011_E,C3011_F,C3011_G,C3011_H,,C3011_I,,,,,,,,,,,,,,,,,,C3009_A,,C3009_B,,C3009_C,,C3009_D,C3009_E,C3009_F,C3009_G,C3009_H,C3009_I,,,,,,,,,,
Netherlands,2010,2010-06-09,NL,NL-2010-06,NL.2010,CSES 3,1,https://cses.org/data-download/cses-module-3-2006-2011-2/,1,CSES3,20201027_cses_recodes.do,cses3,cses3.dta,C1004,,C1010_1,C1010_2,C1010_3,,C3023_LH_PL,C3021_1,,C3020_3,,,,,,,,,,,,,C3020_1,C3020_2,C3032_LH_PL,C3031,C3019,C2002,C2001,,C3013,C3011_A,,C3011_B,,C3011_C,,C3011_D,C3011_E,C3011_F,C3011_G,C3011_H,,C3011_I,,,,,,,,,,,,,,,,,,C3009_A,,C3009_B,,C3009_C,,C3009_D,C3009_E,C3009_F,C3009_G,C3009_H,C3009_I,,,,,,,,,,
Netherlands,2012,2012-09-12,NL,NL-2012-09,NL.2012,Dutch Parliamentary Election Study 2012 - DPES 2012,1,https://easy.dans.knaw.nl/ui/datasets/id/easy-dataset:57353,2,NES_NL_2012,20201027_nes_recodes.do,nl2012,NKO2012.dta,,,,Wgt1,,,V212,V210,,V493,V494,V495,V496,V497,V498,V499,V500,V501,V502,V504,V503,V505,V490,V491,V151,V150,V232,V341,V340,,V130,V120,,V121,,V122,,V123,V124,V125,V126,V127,,V128,,,V129,,,,,,,,,,,,,,,V190,,V191,,V192,,V193,V194,V195,V196,V197,V198,V199,,,,,,,,,
Netherlands,2017,2017-03-15,NL,NL-2017-03,NL.2017,Dutch Parliamentary Election Study 2017 (DPES/NKO 2017),1,https://easy.dans.knaw.nl/ui/datasets/id/easy-dataset:101156,3,NES_NL_2017,20201027_nes_recodes.do,nl2017,DPES 2017 v1.2.dta,,,,WgtJ,,,V163,V160,,S113,,,,,,,,,,,,,,,V071,V070,V240,V010,V012,,V133,V120,,V121,,V122,,V123,V124,V125,V126,V127,,V128,,,V129,V130,V131,V132,,,,,,,,,,,,V200,,V201,,V202,,V203,V204,V205,V206,V207,V208,V209,,,,,,,,,
New Zealand,1990,1990-10-27,NZ,NZ-1990-10,NZ.1990,NZES1990: New Zealand Election Survey,5,https://auckland.figshare.com/articles/dataset/NZES1990_New_Zealand_Election_Survey/2002587,1,Vowles2016,20201027_nes_recodes_new_countries.do,nz1990,nzes90.dta,,,,,,,VOT90E,NONVT,,PTISAN,,,,,,,,,,,,,,,VOT87E,,,SEX,AGE,,SCALEP,,,,,SCALENT,,,,SCALELB,,,,,,,,,,,,,,,,,,,,,,CHSOC,,CHGRN,,CHNAT,,CHNLP,CHDEM,CHLAB,CHNZP,,,,,,,,,,,,
New Zealand,1993,1993-11-06,NZ,NZ-1993-11,NZ.1993,NZES1993: New Zealand Election Survey,5,https://auckland.figshare.com/articles/dataset/NZES1993_New_Zealand_Election_Survey/2002590,1,Miller2016a,20201027_nes_recodes_new_countries.do,nz1993,nz1993.dta,,,,,,,vot93e,nvot,,nptisan,,,,,,,,,,,,,,,vot90x,,,nsex,nage,,nlscale,lsclab,,lscnat,,lscall,,,,,,,,,,,,,,,,,,,,,,,,,,,,,,,,,,,,,,,,,,,,,,,
New Zealand,1996,1996-10-12,NZ,NZ-1996-10,NZ.1996,NZES1996: New Zealand Election Survey,3,https://auckland.figshare.com/articles/dataset/NZES1996_New_Zealand_Election_Study/2002818,1,Miller2016,20201027_nes_recodes_new_countries.do,nz1996,nz1996.dta,,,,pwt,,,vot96p,pp96vt,,csespq,,,,,,,,,,,,,,,pvot93e,,demsat,qsex,qage,,cscal,cscnat,,csclab,,cscnzf,,cscall,cscact,cscunt,csccc,,,,,,,,,,,,,,,,,,,,,csnat,,cslab,,csnzf,,csall,csact,csunt,cscc,,,,,,,,,,,,
New Zealand,1999,1999-11-27,NZ,NZ-1999-11,NZ.1999,NZES1999: New Zealand Election Study,3,https://auckland.figshare.com/articles/dataset/NZES1999_New_Zealand_Election_Study/2002821,1,Sullivan2016,20201027_nes_recodes_new_countries.do,nz1999,nz1999.dta,,,,,,,vot99p,,,sptisan,,,,,,,,,,,,,,,svot96p,,sdemsat,ssex,ssage,,scale,scnat,,sclab,,scnzf,,scall,scact,scgre,,,,,,,,,,,,,,,,,,,,,,snat,,slab,,snzf,,sall,sact,sgre,sunt,,,,,,,,,,,,
New Zealand,2002,2002-07-27,NZ,NZ-2002-07,NZ.2002,CSES 2,2015,https://cses.org/data-download/cses-module-2-2001-2006/,1,CSES2,20201027_cses_recodes.do,cses2,cses2.dta,B1004,,B1010_1,B1010_2,B1010_3,,B3006_1,B3004_1,,B3029_1,B3035,,,,,,,,,,,,B3028,B3034,B3018_1,B3016,B3012,B2002,B2001,,B3045,B3038_A,,B3038_B,,B3038_C,,B3038_D,B3038_E,B3038_F,B3038_G,B3038_H,,,,,,,,,,,,,,,,,,,,B3037_A,,B3037_B,,B3037_C,,B3037_D,B3037_E,B3037_F,B3037_G,B3037_H,,,,,,,,,,,
New Zealand,2005,2005-09-17,NZ,NZ-2005-09,NZ.2005,NZES2005: New Zealand Election Study,3,https://auckland.figshare.com/articles/dataset/NZES2005_New_Zealand_Election_Study/2002827,1,Sullivan2016a,20201027_nes_recodes_new_countries.do,nz2005,nz2005.dta,,,,,,,yvot05p,,,yptisan,,,,,,,,,,,,,,,yvot02p,,ydemsat,ysex,YAGE,,ylscale,ynatscl,,ylabscl,,ynzscl,,yufscl,yactscl,ygrnscl,yprgscl,ymaoscl,,,,,,,,,,,,,,,,,,,,ynatlk,,ylablk,,ynzlk,,yuflk,yactlk,ygrnlk,yprglk,ymaolk,,,,,,,,,,,
New Zealand,2008,2008-11-08,NZ,NZ-2008-11,NZ.2008,CSES 3,1,https://cses.org/data-download/cses-module-3-2006-2011-2/,1,CSES3,20201027_cses_recodes.do,cses3,cses3.dta,C1004,,C1010_1,C1010_2,C1010_3,,C3023_LH_PL,C3021_1,,C3020_3,,,,,,,,,,,,,C3020_1,C3020_2,C3032_LH_PL,C3031,C3019,C2002,C2001,,C3013,C3011_A,,C3011_B,,C3011_C,,C3011_D,C3011_E,C3011_F,C3011_G,C3011_H,,,,,,,,,,,,,,,,,,,,C3009_A,,C3009_B,,C3009_C,,C3009_D,C3009_E,C3009_F,C3009_G,C3009_H,,,,,,,,,,,
New Zealand,2011,2011-11-26,NZ,NZ-2011-11,NZ.2011,CSES 4,2018,https://cses.org/data-download/module-4-2011-2016/,1,CSES4,20201027_cses_recodes.do,cses4,cses4.dta,D1004,,D1010_1,D1010_2,D1010_3,,D3006_LH_PL,D3005_LH,,D3018_3,,,,,,,,,,,,,D3018_1,D3018_2,D3008_LH_PL,D3007_LH,D3017,D2002,D2001_Y,,D3014,D3013_A,,D3013_B,,D3013_C,,D3013_D,,D3013_F,D3013_G,D3013_H,,D3013_I,,,,,,,,,,,,,,,,,,D3011_A,,D3011_B,,D3011_C,,D3011_D,,D3011_F,D3011_G,D3011_H,D3011_I,,,,,,,,,,
New Zealand,2014,2014-09-20,NZ,NZ-2014-09,NZ.2014,CSES 4,2018,https://cses.org/data-download/module-4-2011-2016/,1,CSES4,20201027_cses_recodes.do,cses4,cses4.dta,D1004,,D1010_1,D1010_2,D1010_3,,D3006_LH_PL,D3005_LH,,D3018_3,,,,,,,,,,,,,D3018_1,D3018_2,D3008_LH_PL,D3007_LH,D3017,D2002,D2001_Y,,D3014,D3013_A,,D3013_B,,D3013_C,,D3013_D,D3013_E,D3013_F,D3013_G,D3013_H,,D3013_I,,,,,,,,,,,,,,,,,,D3011_A,,D3011_B,,D3011_C,,D3011_D,D3011_E,D3011_F,D3011_G,D3011_H,D3011_I,,,,,,,,,,
New Zealand,2017,2017-09-23,NZ,NZ-2017-09,NZ.2017,CSES 5,2020,https://cses.org/data-download/cses-module-5-2016-2021/,1,CSES5,20201027_cses_recodes.do,cses5,cses5.dta,E1004,,E1010_1,E1010_2,E1010_3,,E3013_LH_PL,E3012_LH,,E3024_3,,,,,,,,,,,,,E3024_1,E3024_2,E3015_LH_PL,E3014_LH,E3023,E2002,E2001_Y,,E3020,E3019_A,,E3019_B,,E3019_C,,E3019_D,E3019_E,E3019_F,E3019_G,E3019_H,,,,,,,,,,,,,,,,,,,,E3017_A,,E3017_B,,E3017_C,,E3017_D,E3017_E,E3017_F,E3017_G,E3017_H,,,,,,,,,,,
Norway,1973,1973-09-09,NO,NO-1973-09,NO.1973,The European Voter Database,1,https://search.gesis.org/research_data/ZA3911,3,EVP_1973-1998,20201027_nes_recodes.do,no_long_tev,ZA3911_no_1965-1997.dta,year,,,,,,choice,,,pid,,,,,,,,,,,,,,,recall,,,sex,age,,lrsp,lrc,,lrchr,,lrcons,,lrlab,lrlib,lrprog,lrsoc,,,,,,,,,,,,,,,,,,,,,sympc,,sympchr,,sympcons,,symplab,symplib,sympprog,sympsoc,,,,,,,,,,,,
Norway,1977,1977-09-11,NO,NO-1977-09,NO.1977,The European Voter Database,1,https://search.gesis.org/research_data/ZA3911,3,EVP_1973-1998,20201027_nes_recodes.do,no_long_tev,ZA3911_no_1965-1997.dta,year,,,,,,choice,,,pid,,,,,,,,,,,,,,,recall,,,sex,age,,lrsp,lrc,,lrchr,,lrcons,,lrlab,lrlib,lrprog,lrsoc,,,,,,,,,,,,,,,,,,,,,sympc,,sympchr,,sympcons,,symplab,symplib,sympprog,sympsoc,,,,,,,,,,,,
Norway,1981,1981-09-14,NO,NO-1981-09,NO.1981,The European Voter Database,1,https://search.gesis.org/research_data/ZA3911,3,EVP_1973-1998,20201027_nes_recodes.do,no_long_tev,ZA3911_no_1965-1997.dta,year,,,,,,choice,,,pid,,,,,,,,,,,,,,,recall,,,sex,age,,lrsp,lrc,,lrchr,,lrcons,,lrlab,lrlib,lrprog,lrsoc,,,,,,,,,,,,,,,,,,,,,sympc,,sympchr,,sympcons,,symplab,symplib,sympprog,sympsoc,,,,,,,,,,,,
Norway,1985,1985-09-08,NO,NO-1985-09,NO.1985,The European Voter Database,1,https://search.gesis.org/research_data/ZA3911,3,EVP_1973-1998,20201027_nes_recodes.do,no_long_tev,ZA3911_no_1965-1997.dta,year,,,,,,choice,,,pid,,,,,,,,,,,,,,,recall,,,sex,age,,lrsp,lrc,,lrchr,,lrcons,,lrlab,lrlib,lrprog,lrsoc,,,,,,,,,,,,,,,,,,,,,sympc,,sympchr,,sympcons,,symplab,symplib,sympprog,sympsoc,,,,,,,,,,,,
Norway,1989,1989-09-11,NO,NO-1989-09,NO.1989,The European Voter Database,1,https://search.gesis.org/research_data/ZA3911,3,EVP_1973-1998,20201027_nes_recodes.do,no_long_tev,ZA3911_no_1965-1997.dta,year,,,,,,choice,,,pid,,,,,,,,,,,,,,,recall,,,sex,age,,lrsp,lrc,,lrchr,,lrcons,,lrlab,lrlib,lrprog,lrsoc,,,,,,,,,,,,,,,,,,,,,sympc,,sympchr,,sympcons,,symplab,symplib,sympprog,sympsoc,,,,,,,,,,,,
Norway,1993,1993-09-13,NO,NO-1993-09,NO.1993,The European Voter Database,1,https://search.gesis.org/research_data/ZA3911,3,EVP_1973-1998,20201027_nes_recodes.do,no_long_tev,ZA3911_no_1965-1997.dta,year,,,,,,choice,,,pid,,,,,,,,,,,,,,,recall,,,sex,age,,lrsp,lrc,,lrchr,,lrcons,,lrlab,lrlib,lrprog,lrsoc,,,,,,,,,,,,,,,,,,,,,sympc,,sympchr,,sympcons,,symplab,symplib,sympprog,sympsoc,,,,,,,,,,,,
Norway,1997,1997-09-16,NO,NO-1997-09,NO.1997,The European Voter Database,1,https://search.gesis.org/research_data/ZA3911,3,EVP_1973-1998,20201027_nes_recodes.do,no_long_tev,ZA3911_no_1965-1997.dta,year,,,,,,choice,,,pid,,,,,,,,,,,,,,,recall,,,sex,age,,lrsp,lrc,,lrchr,,lrcons,,lrlab,lrlib,lrprog,lrsoc,,,,,,,,,,,,,,,,,,,,,sympc,,sympchr,,sympcons,,symplab,symplib,sympprog,sympsoc,,,,,,,,,,,,
Norway,2001,2001-09-10,NO,NO-2001-09,NO.2001,CSES 2,2015,https://cses.org/data-download/cses-module-2-2001-2006/,1,CSES2,20201027_cses_recodes.do,cses2,cses2.dta,B1004,,B1010_1,B1010_2,B1010_3,,B3006_1,B3004_1,,B3029_1,,,,,,,,,,,,,B3028,B3034,B3018_1,B3016,B3012,B2002,B2001,,B3045,B3038_A,,B3038_B,,B3038_C,,B3038_D,B3038_E,B3038_F,B3038_G,,,,,,,,,,,,,,,,,,,,,B3037_A,,B3037_B,,B3037_C,,B3037_D,B3037_E,B3037_F,B3037_G,,,,,,,,,,,,
Norway,2005,2005-09-12,NO,NO-2005-09,NO.2005,CSES 3,1,https://cses.org/data-download/cses-module-3-2006-2011-2/,1,CSES3,20201027_cses_recodes.do,cses3,cses3.dta,C1004,,C1010_1,C1010_2,C1010_3,,C3023_LH_PL,C3021_1,,C3020_3,,,,,,,,,,,,,C3020_1,C3020_2,C3032_LH_PL,C3031,C3019,C2002,C2001,,C3013,C3011_A,,C3011_B,,C3011_C,,C3011_D,C3011_E,C3011_F,C3011_G,C3011_H,,,,,,,,,,,,,,,,,,,,C3009_A,,C3009_B,,C3009_C,,C3009_D,C3009_E,C3009_F,C3009_G,C3009_H,,,,,,,,,,,
Norway,2009,2009-09-14,NO,NO-2009-09,NO.2009,CSES 3,1,https://cses.org/data-download/cses-module-3-2006-2011-2/,1,CSES3,20201027_cses_recodes.do,cses3,cses3.dta,C1004,,C1010_1,C1010_2,C1010_3,,C3023_LH_PL,C3021_1,,C3020_3,,,,,,,,,,,,,C3020_1,C3020_2,C3032_LH_PL,C3031,C3019,C2002,C2001,,C3013,C3011_A,,C3011_B,,C3011_C,,C3011_D,C3011_E,C3011_F,C3011_G,C3011_H,,,,,,,,,,,,,,,,,,,,C3009_A,,C3009_B,,C3009_C,,C3009_D,C3009_E,C3009_F,C3009_G,C3009_H,,,,,,,,,,,
Norway,2013,2013-09-09,NO,NO-2013-09,NO.2013,CSES 4,2018,https://cses.org/data-download/module-4-2011-2016/,1,CSES4,20201027_cses_recodes.do,cses4,cses4.dta,D1004,,D1010_1,D1010_2,D1010_3,,D3006_LH_PL,D3005_LH,,D3018_3,,,,,,,,,,,,,D3018_1,D3018_2,D3008_LH_PL,D3007_LH,D3017,D2002,D2001_Y,,D3014,D3013_A,,D3013_B,,D3013_C,,D3013_D,D3013_E,D3013_F,D3013_G,D3013_H,,D3013_I,,,,,,,,,,,,,,,,,,D3011_A,,D3011_B,,D3011_C,,D3011_D,D3011_E,D3011_F,D3011_G,D3011_H,D3011_I,,,,,,,,,,
Norway,2017,2017-09-11,NO,NO-2017-09,NO.2017,"Election Survey, 2017",2019,https://nsd.no/nsddata/serier/norske_valgundersokelser_eng.html,3,NES_NO_2017,20201027_nes_recodes.do,no2017,no2017.dta,,,,vekt,,,Spm50,Spm49,,Spm29a,,,,,,,,,,,,,,,Spm57b,Spm57a,,KJONN,ALDER,,Spm19,spm18_d,,spm18_b,,spm18_e,,spm18_f,spm18_i,spm18_h,spm18_a,spm18_g,,spm18_c,,,,,,,,,,,,,,,,,,spm16_f,,spm16_g,,spm16_e,,spm16_a,spm16_i,spm16_h,spm16_c,spm16_d,spm16_b,,,,,,,,,,
Poland,2001,2001-09-23,PL,PL-2001-09,PL.2001,CSES 2,2015,https://cses.org/data-download/cses-module-2-2001-2006/,1,CSES2,20201027_cses_recodes.do,cses2,cses2.dta,B1004,,B1010_1,B1010_2,B1010_3,,B3006_1,B3004_1,,B3029_1,B3035,,,,,,,,,,,,B3028,B3034,B3018_1,B3016,B3012,B2002,B2001,,B3045,B3038_A,,B3038_B,,B3038_C,,B3038_D,B3038_E,B3038_F,B3038_G,B3038_H,,,,,,,,,,,,,,,,,,,,B3037_A,,B3037_B,,B3037_C,,B3037_D,B3037_E,B3037_F,B3037_G,B3037_H,,,,,,,,,,,
Poland,2005,2005-09-25,PL,PL-2005-09,PL.2005,CSES 3,1,https://cses.org/data-download/cses-module-3-2006-2011-2/,1,CSES3,20201027_cses_recodes.do,cses3,cses3.dta,C1004,,C1010_1,C1010_2,C1010_3,,C3023_LH_PL,C3021_1,,C3020_3,,,,,,,,,,,,,C3020_1,C3020_2,C3032_LH_PL,C3031,C3019,C2002,C2001,,C3013,C3011_A,,C3011_B,,C3011_C,,C3011_D,C3011_E,C3011_F,C3011_G,C3011_H,,,,,,,,,,,,,,,,,,,,C3009_A,,C3009_B,,C3009_C,,C3009_D,C3009_E,C3009_F,C3009_G,C3009_H,,,,,,,,,,,
Poland,2007,2007-10-21,PL,PL-2007-10,PL.2007,CSES 3,1,https://cses.org/data-download/cses-module-3-2006-2011-2/,1,CSES3,20201027_cses_recodes.do,cses3,cses3.dta,C1004,,C1010_1,C1010_2,C1010_3,,C3023_LH_PL,C3021_1,,C3020_3,,,,,,,,,,,,,C3020_1,C3020_2,C3032_LH_PL,C3031,C3019,C2002,C2001,,C3013,C3011_A,,C3011_B,,C3011_C,,C3011_D,,,,,,,,,,,,,,,,,,,,,,,,C3009_A,,C3009_B,,C3009_C,,C3009_D,,,,,,,,,,,,,,,
Poland,2011,2011-10-09,PL,PL-2011-10,PL.2011,CSES 4,2018,https://cses.org/data-download/module-4-2011-2016/,1,CSES4,20201027_cses_recodes.do,cses4,cses4.dta,D1004,,D1010_1,D1010_2,D1010_3,,D3006_LH_PL,D3005_LH,,D3018_3,,,,,,,,,,,,,D3018_1,D3018_2,D3008_LH_PL,D3007_LH,D3017,D2002,D2001_Y,,D3014,D3013_A,,D3013_B,,D3013_C,,D3013_D,D3013_E,,,,,,,,,,,,,,,,,,,,,,,D3011_A,,D3011_B,,D3011_C,,D3011_D,D3011_E,,,,,,,,,,,,,,
Portugal,2002,2002-03-17,PT,PT-2002-03,PT.2002,CSES 2,2015,https://cses.org/data-download/cses-module-2-2001-2006/,1,CSES2,20201027_cses_recodes.do,cses2,cses2.dta,B1004,,B1010_1,B1010_2,B1010_3,,B3006_1,B3004_1,,B3029_1,B3035,,,,,,,,,,,,B3028,B3034,B3018_1,B3016,B3012,B2002,B2001,,B3045,B3038_A,,B3038_B,,B3038_C,,B3038_D,B3038_E,B3038_F,,,,,,,,,,,,,,,,,,,,,,B3037_A,,B3037_B,,B3037_C,,B3037_D,B3037_E,B3037_F,,,,,,,,,,,,,
Portugal,2005,2005-02-20,PT,PT-2005-02,PT.2005,CSES 2,2015,https://cses.org/data-download/cses-module-2-2001-2006/,1,CSES2,20201027_cses_recodes.do,cses2,cses2.dta,B1004,,B1010_1,B1010_2,B1010_3,,B3006_1,B3004_1,,B3029_1,B3035,,,,,,,,,,,,B3028,B3034,B3018_1,B3016,B3012,B2002,B2001,,B3045,B3038_A,,B3038_B,,B3038_C,,B3038_D,B3038_E,,,,,,,,,,,,,,,,,,,,,,,B3037_A,,B3037_B,,B3037_C,,B3037_D,B3037_E,,,,,,,,,,,,,,
Portugal,2015,2015-10-04,PT,PT-2015-10,PT.2015,CSES 4,2018,https://cses.org/data-download/module-4-2011-2016/,1,CSES4,20201027_cses_recodes.do,cses4,cses4.dta,D1004,,D1010_1,D1010_2,D1010_3,,D3006_LH_PL,D3005_LH,,D3018_3,,,,,,,,,,,,,D3018_1,D3018_2,D3008_LH_PL,D3007_LH,D3017,D2002,D2001_Y,,D3014,D3013_A,,D3013_B,,D3013_C,,D3013_D,,D3013_F,,D3013_H,,,,,,,,,,,,,,,,,,,,D3011_A,,D3011_B,,D3011_C,,D3011_D,,D3011_F,,D3011_H,,,,,,,,,,,
Portugal,2019,2019-10-06,PT,PT-2019-10,,CSES 5,2021,https://cses.org/data-download/cses-module-5-2016-2021/,1,CSES5,,cses5,cses5.dta,E1004,,E1010_1,E1010_2,E1010_3,,E3013_LH_PL,E3012_LH,,E3024_3,,,,,,,,,,,,,E3024_1,E3024_2,E3015_LH_PL,E3014_LH,E3023,E2002,E2001_Y,,E3020,E3019_A,,E3019_B,,E3019_C,,E3019_D,E3019_E,E3019_F,E3019_G,E3019_H,,E3019_I,,,,,,,,,,,,,,,,,,E3017_A,,E3017_B,,E3017_C,,E3017_D,E3017_E,E3017_F,E3017_G,E3017_H,E3017_I,,,,,,,,,,
Republic of Korea,2004,2004-04-15,KR,KR-2004-04,KR.2004,CSES 2,2015,https://cses.org/data-download/cses-module-2-2001-2006/,1,CSES2,20201027_cses_recodes.do,cses2,cses2.dta,B1004,,B1010_1,B1010_2,B1010_3,,B3006_1,B3004_1,,B3029_1,B3035,,,,,,,,,,,,B3028,B3034,B3017,B3016,B3012,B2002,B2001,,B3045,B3038_A,,B3038_B,,B3038_C,,B3038_D,B3038_E,B3038_F,,,,,,,,,,,,,,,,,,,,,,B3037_A,,B3037_B,,B3037_C,,B3037_D,B3037_E,B3037_F,,,,,,,,,,,,,
Republic of Korea,2008,2008-04-09,KR,KR-2008-04,KR.2008,CSES 3,1,https://cses.org/data-download/cses-module-3-2006-2011-2/,1,CSES3,20201027_cses_recodes.do,cses3,cses3.dta,C1004,,C1010_1,C1010_2,C1010_3,,C3023_LH_PL,C3021_1,,C3020_3,,,,,,,,,,,,,C3020_1,C3020_2,C3032_PR_1,C3031,C3019,C2002,C2001,,C3013,C3011_A,,C3011_B,,C3011_C,,C3011_D,C3011_E,C3011_F,C3011_G,,,,,,,,,,,,,,,,,,,,,C3009_A,,C3009_B,,C3009_C,,C3009_D,C3009_E,C3009_F,C3009_G,,,,,,,,,,,,
Republic of Korea,2012,2012-04-11,KR,KR-2012-04,KR.2012,CSES 4,2018,https://cses.org/data-download/module-4-2011-2016/,1,CSES4,20201027_cses_recodes.do,cses4,cses4.dta,D1004,,D1010_1,D1010_2,D1010_3,,D3006_LH_PL,D3005_LH,,D3018_3,,,,,,,,,,,,,D3018_1,D3018_2,D3008_LH_PL,D3007_LH,D3017,D2002,D2001_Y,,D3014,D3013_A,,D3013_B,,D3013_C,,D3013_D,,,,,,,,,,,,,,,,,,,,,,,,D3011_A,,D3011_B,,D3011_C,,D3011_D,,,,,,,,,,,,,,,
Republic of Korea,2016,2016-04-13,KR,KR-2016-04,KR.2016,CSES 5,2020,https://cses.org/data-download/cses-module-5-2016-2021/,1,CSES5,20201027_cses_recodes.do,cses5,cses5.dta,E1004,,E1010_1,E1010_2,E1010_3,,E3013_LH_PL,E3012_LH,,E3024_3,,,,,,,,,,,,,E3024_1,E3024_2,E3015_LH_PL,E3014_LH,E3023,E2002,E2001_Y,,E3020,E3019_A,,E3019_B,,E3019_C,,E3019_D,,,,,,,,,,,,,,,,,,,,,,,,E3017_A,,E3017_B,,E3017_C,,E3017_D,,,,,,,,,,,,,,,
Romania,2004,2004-11-28,RO,RO-2004-11,RO.2004,CSES 2,2015,https://cses.org/data-download/cses-module-2-2001-2006/,1,CSES2,20201027_cses_recodes.do,cses2,cses2.dta,B1004,,B1010_1,B1010_2,B1010_3,,B3006_1,B3004_1,,B3029_1,B3035,,,,,,,,,,,,B3028,B3034,B3018_1,B3016,B3012,B2002,B2001,,B3045,B3038_A,,B3038_B,,B3038_C,,B3038_D,B3038_E,B3038_F,,B3038_H,,,,,,,,,,,,,,,,,,,,B3037_A,,B3037_B,,B3037_C,,B3037_D,B3037_E,B3037_F,,B3037_H,,,,,,,,,,,
Romania,2009,2009-11-22,RO,RO-2009-11,RO.2009,CSES 3,1,https://cses.org/data-download/cses-module-3-2006-2011-2/,1,CSES3,20201027_cses_recodes.do,cses3,cses3.dta,C1004,,C1010_1,C1010_2,C1010_3,,C3023_PR_1,C3021_1,,C3020_3,,,,,,,,,,,,,C3020_1,C3020_2,C3032_LH_DC,C3031,C3019,C2002,C2001,,C3013,C3011_A,,C3011_B,,C3011_C,,C3011_D,C3011_E,,C3011_G,,,,,,,,,,,,,,,,,,,,,C3009_A,,C3009_B,,C3009_C,,C3009_D,C3009_E,,C3009_G,,,,,,,,,,,,
Romania,2012,2012-12-09,RO,RO-2012-12,RO.2012,CSES 4,2018,https://cses.org/data-download/module-4-2011-2016/,1,CSES4,20201027_cses_recodes.do,cses4,cses4.dta,D1004,,D1010_1,D1010_2,D1010_3,,D3006_LH_DC,D3005_LH,,D3018_3,,,,,,,,,,,,,D3018_1,D3018_2,D3008_LH_DC,D3007_LH,D3017,D2002,D2001_Y,,D3014,D3013_A,,D3013_B,,D3013_C,,D3013_D,D3013_E,,D3013_G,D3013_H,,D3013_I,,,,,,,,,,,,,,,,,,D3011_A,,D3011_B,,D3011_C,,D3011_D,D3011_E,,D3011_G,D3011_H,D3011_I,,,,,,,,,,
Romania,2014,2014-11-02,RO,RO-2014-11,RO.2014,CSES 4,2018,https://cses.org/data-download/module-4-2011-2016/,1,CSES4,20201027_cses_recodes.do,cses4,cses4.dta,D1004,,D1010_1,D1010_2,D1010_3,,D3006_PR_1,D3005_PR_1,,D3018_3,,,,,,,,,,,,,D3018_1,D3018_2,D3008_PR_1,D3007_PR_1,D3017,D2002,D2001_Y,,D3014,D3013_A,,D3013_B,,D3013_C,,D3013_D,D3013_E,D3013_F,,,,,,,,,,,,,,,,,,,,,,D3011_A,,D3011_B,,D3011_C,,D3011_D,D3011_E,D3011_F,,,,,,,,,,,,,
Slovakia,2010,2010-06-12,SK,SK-2010-06,SK.2010,CSES 3,1,https://cses.org/data-download/cses-module-3-2006-2011-2/,1,CSES3,20201027_cses_recodes.do,cses3,cses3.dta,C1004,,C1010_1,C1010_2,C1010_3,,C3023_LH_PL,C3021_1,,C3020_3,,,,,,,,,,,,,C3020_1,C3020_2,C3032_LH_PL,C3031,C3019,C2002,C2001,,C3013,C3011_A,,C3011_B,,C3011_C,,C3011_D,C3011_E,C3011_F,C3011_G,C3011_H,,,,,,,,,,,,,,,,,,,,C3009_A,,C3009_B,,C3009_C,,C3009_D,C3009_E,C3009_F,C3009_G,C3009_H,,,,,,,,,,,
Slovakia,2016,2016-03-05,SK,SK-2016-03,SK.2016,CSES 4,2018,https://cses.org/data-download/module-4-2011-2016/,1,CSES4,20201027_cses_recodes.do,cses4,cses4.dta,D1004,,D1010_1,D1010_2,D1010_3,,D3006_LH_PL,D3005_LH,,D3018_3,,,,,,,,,,,,,D3018_1,D3018_2,D3008_LH_PL,D3007_LH,D3017,D2002,D2001_Y,,D3014,D3013_A,,D3013_B,,D3013_C,,D3013_D,D3013_E,D3013_F,D3013_G,D3013_H,,,,,,,,,,,,,,,,,,,,D3011_A,,D3011_B,,D3011_C,,D3011_D,D3011_E,D3011_F,D3011_G,D3011_H,,,,,,,,,,,
Slovenia,2004,2004-10-03,SI,SI-2004-10,SI.2004,CSES 2,2015,https://cses.org/data-download/cses-module-2-2001-2006/,1,CSES2,20201027_cses_recodes.do,cses2,cses2.dta,B1004,,B1010_1,B1010_2,B1010_3,,B3006_1,B3004_1,,B3029_1,B3035,,,,,,,,,,,,B3028,B3034,B3018_1,B3016,B3012,B2002,B2001,,B3045,B3038_A,,B3038_B,,B3038_C,,B3038_D,B3038_E,B3038_F,B3038_G,,,,,,,,,,,,,,,,,,,,,B3037_A,,B3037_B,,B3037_C,,B3037_D,B3037_E,B3037_F,B3037_G,,,,,,,,,,,,
Slovenia,2008,2008-09-21,SI,SI-2008-09,SI.2008,CSES 3,1,https://cses.org/data-download/cses-module-3-2006-2011-2/,1,CSES3,20201027_cses_recodes.do,cses3,cses3.dta,C1004,,C1010_1,C1010_2,C1010_3,,C3023_LH_PL,C3021_1,,C3020_3,,,,,,,,,,,,,C3020_1,C3020_2,C3032_LH_PL,C3031,C3019,C2002,C2001,,C3013,C3011_A,,C3011_B,,C3011_C,,C3011_D,C3011_E,C3011_F,C3011_G,C3011_H,,,,,,,,,,,,,,,,,,,,C3009_A,,C3009_B,,C3009_C,,C3009_D,C3009_E,C3009_F,C3009_G,C3009_H,,,,,,,,,,,
Slovenia,2011,2011-12-04,SI,SI-2011-12,SI.2011,CSES 4,2018,https://cses.org/data-download/module-4-2011-2016/,1,CSES4,20201027_cses_recodes.do,cses4,cses4.dta,D1004,,D1010_1,D1010_2,D1010_3,,D3006_LH_PL,D3005_LH,,D3018_3,,,,,,,,,,,,,D3018_1,D3018_2,D3008_LH_PL,D3007_LH,D3017,D2002,D2001_Y,,D3014,D3013_A,,D3013_B,,D3013_C,,D3013_D,D3013_E,D3013_F,D3013_G,D3013_H,,,,,,,,,,,,,,,,,,,,D3011_A,,D3011_B,,D3011_C,,D3011_D,D3011_E,D3011_F,D3011_G,D3011_H,,,,,,,,,,,
Spain,1993,1993-06-06,ES,ES-1993-06,,CIS Postelectoral Elecciones Generales 1993,,http://www.cis.es/cis/opencms/EN/formulario.jsp?dwld=/Microdatos/MD2061.zip,1,NES_ES_1993,,es1993,es1993.sav,,,,,,,P13,P10,,,,,,,,,,,,,,,,,P33,,,P36,P37,,P30,P3104,,P3103,,P3102,,P3101,,,,,,,,,,,,,,,,,,,,,,,,,,,,,,,,,,,,,,,,,,,,,
Spain,1996,1996-03-03,ES,ES-1996-03,,CIS Postelectoral Elecciones Generales y Autonomicas de Andalucia 1996,,http://www.cis.es/cis/opencms/EN/formulario.jsp?dwld=/Microdatos/MD2210.zip,1,NES_ES_1996,,es1996,2210.sav,,,,,,,P11,P8,,,,,,,,,,,,,,,,,P28,,,P43,P44,,P24,P2503,,P2502,,P2501,,,,,,,,,,,,,,,,,,,,,,,,,,,,,,,,,,,,,,,,,,,,,,,
Spain,2004,2004-03-14,ES,ES-2004-03,ES.2004,CSES 2,2015,https://cses.org/data-download/cses-module-2-2001-2006/,1,CSES2,20201027_cses_recodes.do,cses2,cses2.dta,B1004,,B1010_1,B1010_2,B1010_3,,B3006_1,B3004_1,,B3029_1,B3035,,,,,,,,,,,,B3028,B3034,B3018_1,B3016,B3012,B2002,B2001,,B3045,B3038_A,,B3038_B,,B3038_C,,B3038_D,,,,,,,,,,,,,,,,,,,,,,,,B3037_A,,B3037_B,,B3037_C,,B3037_D,,,,,,,,,,,,,,,
Spain,2008,2008-03-09,ES,ES-2008-03,ES.2008,CIS Postelectoral Elecciones Generales y Autonomicas de Andalucia 2008. Panel (2a Fase),,http://www.cis.es/cis/opencms/EN/formulario.jsp?dwld=/Microdatos/MD2757.zip,1,NES_ES_2008,,es2008,es2008.sav,,,,,,,p34,p32,,p44a,,,,,,,,,,,,,p44,,p57,,,sexo,edad,,p41,,,,,,,,,,,,,,,,,,,,,,,,,,,,,,,,,,,,,,,,,,,,,,,,,,,,
Spain,2011,2011-11-20,ES,ES-2011-11,,CIS Postelectoral Elecciones Generales 2011. Panel (2a Fase),,http://www.cis.es/cis/opencms/EN/formulario.jsp?dwld=/Microdatos/MD2920.zip,1,NES_ES_2011,,es2011,2920.sav,,,,,,,p36,p34,,p44a,,,,,,,,,,,,,p44,,p53a,p53,p5,SEXO,EDAD,,p40,p4101,,p4102,,p4103,,p4104,,,,,,,,,,,,,,,,,,,,,,,,p5401,,p5402,,p5403,,p5404,,,,,,,,,,,,,,,
Spain,2015,2015-12-20,ES,ES-2015-12,,CIS Postelectoral Elecciones Generales 2015,,http://www.cis.es/cis/opencms/EN/formulario.jsp?dwld=/Microdatos/MD3126.zip,1,NES_ES_2015,,es2015,es2015.sav,,,,,,,P31,P29,,P39A,,,,,,,,,,,,,P39,,P48A,P48,P5,SEXO,EDAD,,P35,P3601,,P3602,,P3603,,P3604,P3605,P3606,,,,,,,,,,,,,,,,,,,,,,P4901,,P4902,,P4903,,P4904,P4905,P4906,,,,,,,,,,,,,
Spain,2016,2016-06-26,ES,ES-2016-06,,CIS Postelectoral Elecciones Generales 2016,,www.cis.es/cis/opencms/EN/formulario.jsp?dwld=/Microdatos/MD3145.zip,1,NES_ES_2016,,es2016,3145.sav,,,,,,,P31,P29,,P38A,,,,,,,,,,,,,P38,,P44A,P44,P6,P47,P48,,P35,P3601,,P3602,,P3603,P3605,P3604,,,,,,,,,,,,,,,,,,,,,,,,P4501,,P4502,,P4503,P4505,P4504,,,,,,,,,,,,,,,
Spain ,2019,2019-04-28,ES,ES-2019-04,,CIS Postelectoral Elecciones Generales 2019,,http://www.cis.es/cis/opencms/EN/formulario.jsp?dwld=/Microdatos/MD3248.zip,1,NES_ES_2019,,es2019,3248.sav,,,,,,,P23,,,P36A,,,,,,,,,,,,,P36,,P39A,P39,P3,P41,P42,,P32,P3301,,P3302,,P3303,,P3304,P3305,,,,,,,,,,,,,,,,,,,,,,,P4001,,P4002,,P4003,,P4004,P4005,,,,,,,,,,,,,,
Sweden,1973,1973-09-16,SE,SE-1973-09,SE.1973,The European Voter Database,1,https://search.gesis.org/research_data/ZA3911,3,EVP_1973-1998,20201027_nes_recodes.do,se_long_tev,ZA3911_se_1956-1998.dta,year,,,,,,party,vote,,pid,,,,,,,,,,,,,pis,,partyr,voter,,sex,age,,lrpown,lrp1,,lrp2,,lrp3,,lrp4,,lrp6,lrp7,,,,,,,,,,,,,,,,,,,,,,,,,,,,,,,,,,,,,,,,,,
Sweden,1976,1976-09-19,SE,SE-1976-09,SE.1976,The European Voter Database,1,https://search.gesis.org/research_data/ZA3911,3,EVP_1973-1998,20201027_nes_recodes.do,se_long_tev,ZA3911_se_1956-1998.dta,year,,,,,,party,vote,,pid,,,,,,,,,,,,,pis,,partyr,voter,,sex,age,,lrpown,lrp1,,lrp2,,lrp3,,lrp4,,lrp6,lrp7,,,,,,,,,,,,,,,,,,,,,,,,,,,,,,,,,,,,,,,,,,
Sweden,1979,1979-09-16,SE,SE-1979-09,SE.1979,The European Voter Database,1,https://search.gesis.org/research_data/ZA3911,3,EVP_1973-1998,20201027_nes_recodes.do,se_long_tev,ZA3911_se_1956-1998.dta,year,,,,,,party,vote,,pid,,,,,,,,,,,,,pis,,partyr,voter,,sex,age,,lrpown,lrp1,,lrp2,,lrp3,,lrp4,,lrp6,lrp7,,,,,,,,,,,,,,,,,,,,,,,,,,,,,,,,,,,,,,,,,,
Sweden,1982,1982-09-19,SE,SE-1982-09,SE.1982,The European Voter Database,1,https://search.gesis.org/research_data/ZA3911,3,EVP_1973-1998,20201027_nes_recodes.do,se_long_tev,ZA3911_se_1956-1998.dta,year,,,,,,party,vote,,pid,,,,,,,,,,,,,pis,,partyr,voter,,sex,age,,lrpown,lrp1,,lrp2,,lrp3,,lrp4,,lrp6,lrp7,,,,,,,,,,,,,,,,,,,,,,,,,,,,,,,,,,,,,,,,,,
Sweden,1985,1985-09-15,SE,SE-1985-09,SE.1985,The European Voter Database,1,https://search.gesis.org/research_data/ZA3911,3,EVP_1973-1998,20201027_nes_recodes.do,se_long_tev,ZA3911_se_1956-1998.dta,year,,,,,,party,vote,,pid,,,,,,,,,,,,,pis,,partyr,voter,,sex,age,,lrpown,lrp1,,lrp2,,lrp3,,lrp4,,lrp6,lrp7,,,,,,,,,,,,,,,,,,,,,,,,,,,,,,,,,,,,,,,,,,
Sweden,1988,1988-09-18,SE,SE-1988-09,SE.1988,The European Voter Database,1,https://search.gesis.org/research_data/ZA3911,3,EVP_1973-1998,20201027_nes_recodes.do,se_long_tev,ZA3911_se_1956-1998.dta,year,,,,,,party,vote,,pid,,,,,,,,,,,,,pis,,partyr,voter,,sex,age,,lrpown,lrp1,,lrp2,,lrp3,,lrp4,,lrp6,lrp7,,,,,,,,,,,,,,,,,,,,,,,,,,,,,,,,,,,,,,,,,,
Sweden,1991,1991-09-15,SE,SE-1991-09,SE.1991,Swedish election study 1991,1,https://snd.gu.se/en/catalogue/study/snd0391,3,NES_SE_1991,20201027_nes_recodes.do,se1991,0391EU.DTA,v8,,,v5,,,v221,v220,,v206,,,,,,,,,,,,,,,v256,v255,,v15,v439,,v217,v213,,v211,,v212,,v209,v210,v214,v215,v216,,,,,,,,,,,,,,,,,,,,v88,,v89,,v90,,v91,v92,v93,v94,v95,,,,,,,,,,,
Sweden,1994,1994-09-18,SE,SE-1994-09,SE.1994,Swedish election study 1994,1,https://snd.gu.se/en/catalogue/study/snd0570,3,NES_SE_1994,20201027_nes_recodes.do,se1994,0570EU.DTA,v7,,,,,,v252,v251,,v202,,,,,,,,,,,,,v201,,v266,v265,,v12,v481,,v212,v208,,v206,,v207,,v204,v205,v209,v210,v211,,,,,,,,,,,,,,,,,,,,v88,,v89,,v90,,v91,v92,v93,v94,v95,,,,,,,,,,,
Sweden,1998,1998-09-21,SE,SE-1998-09,SE.1998,The European Voter Database,1,https://search.gesis.org/research_data/ZA3911,3,EVP_1973-1998,20201027_nes_recodes.do,se_long_tev,ZA3911_se_1956-1998.dta,year,,,,,,party,vote,,pid,,,,,,,,,,,,,pis,,partyr,voter,,sex,age,,lrpown,lrp1,,lrp2,,lrp3,,lrp4,,lrp6,lrp7,,,,,,,,,,,,,,,,,,,,,,,,,,,,,,,,,,,,,,,,,,
Sweden,2002,2002-09-15,SE,SE-2002-09,SE.2002,CSES 2,2015,https://cses.org/data-download/cses-module-2-2001-2006/,1,CSES2,20201027_cses_recodes.do,cses2,cses2.dta,B1004,,B1010_1,B1010_2,B1010_3,,B3006_1,B3004_1,,B3029_1,B3035,,,,,,,,,,,,B3028,B3034,B3018_1,B3016,B3012,B2002,B2001,,B3045,B3038_A,,B3038_B,,B3038_C,,B3038_D,B3038_E,B3038_F,,,,,,,,,,,,,,,,,,,,,,B3037_A,,B3037_B,,B3037_C,,B3037_D,B3037_E,B3037_F,,,,,,,,,,,,,
Sweden,2006,2006-09-17,SE,SE-2006-09,SE.2006,CSES 3,1,https://cses.org/data-download/cses-module-3-2006-2011-2/,1,CSES3,20201027_cses_recodes.do,cses3,cses3.dta,C1004,,C1010_1,C1010_2,C1010_3,,C3023_LH_PL,C3021_1,,C3020_3,,,,,,,,,,,,,C3020_1,C3020_2,C3032_LH_PL,C3031,C3019,C2002,C2001,,C3013,C3011_A,,C3011_B,,C3011_C,,C3011_D,C3011_E,C3011_F,C3011_G,C3011_H,,C3011_I,,,,,,,,,,,,,,,,,,C3009_A,,C3009_B,,C3009_C,,C3009_D,C3009_E,C3009_F,C3009_G,C3009_H,C3009_I,,,,,,,,,,
Sweden,2010,2010-09-19,SE,SE-2010-09,SE.2010,Swedish National Election Study 2010,1,https://snd.gu.se/en/catalogue/study/snd0876,3,NES_SE_2010,20201027_nes_recodes.do,se2010,SND0876_VU2010.DTA,VU10_V345,VU10_V7050,,,,,VU10_V346,VU10_V345,,VU10_V7022,,,,,,,,,,,,,,,VU10_V488,VU10_V345,,VU10_V7030,VU10_V7032,,VU10_V885,VU10_V879,,VU10_V877,,VU10_V878,,VU10_V875,VU10_V876,VU10_V880,VU10_V881,VU10_V882,,VU10_V883,,,VU10_V884,,,,,,,,,,,,,,,VU10_V282,,VU10_V283,,VU10_V284,,VU10_V285,VU10_V286,VU10_V287,VU10_V288,VU10_V289,VU10_V290,VU10_V291,,,,,,,,,
Sweden,2014,2014-09-14,SE,SE-2014-09,SE.2014,CSES 4,2018,https://cses.org/data-download/module-4-2011-2016/,1,CSES4,20201027_cses_recodes.do,cses4,cses4.dta,D1004,,D1010_1,D1010_2,D1010_3,,D3006_LH_PL,D3005_LH,,D3018_3,,,,,,,,,,,,,D3018_1,D3018_2,D3008_LH_PL,D3007_LH,D3017,D2002,D2001_Y,,D3014,D3013_A,,D3013_B,,D3013_C,,D3013_D,D3013_E,D3013_F,D3013_G,D3013_H,,D3013_I,,,,,,,,,,,,,,,,,,D3011_A,,D3011_B,,D3011_C,,D3011_D,D3011_E,D3011_F,D3011_G,D3011_H,D3011_I,,,,,,,,,,
Sweden,2018,2018-09-09,SE,SE-2018-09,,CSES 5,2021,https://cses.org/data-download/cses-module-5-2016-2021/,1,CSES5,,cses5,cses5.dta,E1004,,E1010_1,E1010_2,E1010_3,,E3013_LH_PL,E3012_LH,,E3024_3,,,,,,,,,,,,,E3024_1,E3024_2,E3015_LH_PL,E3014_LH,E3023,E2002,E2001_Y,,E3020,E3019_A,,E3019_B,,E3019_C,,E3019_D,E3019_E,E3019_F,E3019_G,E3019_H,,E3019_I,,,,,,,,,,,,,,,,,,E3017_A,,E3017_B,,E3017_C,,E3017_D,E3017_E,E3017_F,E3017_G,E3017_H,E3017_I,,,,,,,,,,
Switzerland,1987,1987-10-18,CH,CH-1987-10,CH.1987,"Selects: Swiss national election studies, cumulated file 1971-2015 [Dataset]",1,https://forsbase.unil.ch/project/study-public-overview/14738/0/,3,NES_CH_1971-2015,20201027_nes_recodes.do,ch_long_selects,495_Selects_CumulativeFile_Data_1971-2015_v1.0.dta,year,,,weightc,,,vdn1b,vp1,,pid2b,,,,,,,,,,,,,,,vdr1b,vp2,,sex,age,,lr1,lr3,,lr2,,lr4,,lr5,lr7,,lr10,lr12,,lr6,,,,lr11,lr9,lr14,lr15,,,,,,,,,,,sypa1,,sypa2,,sypa3,,sypa4,sypa5,sypa6,sypa7,sypa8,sypa9,sypa10,sypa11,,,,,,,,
Switzerland,1991,1991-10-20,CH,CH-1991-10,CH.1991,"Selects: Swiss national election studies, cumulated file 1971-2015 [Dataset]",1,https://forsbase.unil.ch/project/study-public-overview/14738/0/,3,NES_CH_1971-2015,20201027_nes_recodes.do,ch_long_selects,495_Selects_CumulativeFile_Data_1971-2015_v1.0.dta,year,,,weightc,,,vdn1b,vp1,,pid2b,,,,,,,,,,,,,,,vdr1b,vp2,,sex,age,,lr1,lr3,,lr2,,lr4,,lr5,lr7,,lr10,lr12,,lr6,,,,lr11,lr9,lr14,lr15,,,,,,,,,,,sypa1,,sypa2,,sypa3,,sypa4,sypa5,sypa6,sypa7,sypa8,sypa9,sypa10,sypa11,,,,,,,,
Switzerland,1995,1995-10-22,CH,CH-1995-10,CH.1995,"Selects: Swiss national election studies, cumulated file 1971-2015 [Dataset]",1,https://forsbase.unil.ch/project/study-public-overview/14738/0/,3,NES_CH_1971-2015,20201027_nes_recodes.do,ch_long_selects,495_Selects_CumulativeFile_Data_1971-2015_v1.0.dta,year,,,weightc,,,vdn1b,vp1,,pid2b,,,,,,,,,,,,,,,vdr1b,vp2,,sex,age,,lr1,lr3,,lr2,,lr4,,lr5,lr7,,lr10,lr12,,lr6,,,,lr11,lr9,lr14,lr15,,,,,,,,,,,sypa1,,sypa2,,sypa3,,sypa4,sypa5,sypa6,sypa7,sypa8,sypa9,sypa10,sypa11,,,,,,,,
Switzerland,1999,1999-10-24,CH,CH-1999-10,CH.1999,"Selects: Swiss national election studies, cumulated file 1971-2015 [Dataset]",1,https://forsbase.unil.ch/project/study-public-overview/14738/0/,3,NES_CH_1971-2015,20201027_nes_recodes.do,ch_long_selects,495_Selects_CumulativeFile_Data_1971-2015_v1.0.dta,year,,,weightc,,,vdn1b,vp1,,pid2b,,,,,,,,,,,,,,,vdr1b,vp2,,sex,age,,lr1,lr3,,lr2,,lr4,,lr5,lr7,,lr10,lr12,,lr6,,,,lr11,lr9,lr14,lr15,,,,,,,,,,,sypa1,,sypa2,,sypa3,,sypa4,sypa5,sypa6,sypa7,sypa8,sypa9,sypa10,sypa11,,,,,,,,
Switzerland,2003,2003-10-19,CH,CH-2003-10,CH.2003,"Selects: Swiss national election studies, cumulated file 1971-2015 [Dataset]",1,https://forsbase.unil.ch/project/study-public-overview/14738/0/,3,NES_CH_1971-2015,20201027_nes_recodes.do,ch_long_selects,495_Selects_CumulativeFile_Data_1971-2015_v1.0.dta,year,,,weightc,,,vdn1b,vp1,,pid2b,,,,,,,,,,,,,,,vdr1b,vp2,,sex,age,,lr1,lr3,,lr2,,lr4,,lr5,lr7,,lr10,lr12,,lr6,,,,lr11,lr9,lr14,lr15,,,,,,,,,,,sypa1,,sypa2,,sypa3,,sypa4,sypa5,sypa6,sypa7,sypa8,sypa9,sypa10,sypa11,,,,,,,,
Switzerland,2007,2007-10-21,CH,CH-2007-10,CH.2007,"Selects: Swiss national election studies, cumulated file 1971-2015 [Dataset]",1,https://forsbase.unil.ch/project/study-public-overview/14738/0/,3,NES_CH_1971-2015,20201027_nes_recodes.do,ch_long_selects,495_Selects_CumulativeFile_Data_1971-2015_v1.0.dta,year,,,weightc,,,vdn1b,vp1,,pid2b,,,,,,,,,,,,,,,vdr1b,vp2,,sex,age,,lr1,lr3,,lr2,,lr4,,lr5,lr7,,lr10,lr12,,lr6,,,,lr11,lr9,lr14,lr15,,,,,,,,,,,sypa1,,sypa2,,sypa3,,sypa4,sypa5,sypa6,sypa7,sypa8,sypa9,sypa10,sypa11,,,,,,,,
Switzerland,2011,2011-10-23,CH,CH-2011-10,CH.2011,"Selects: Swiss national election studies, cumulated file 1971-2015 [Dataset]",1,https://forsbase.unil.ch/project/study-public-overview/14738/0/,3,NES_CH_1971-2015,20201027_nes_recodes.do,ch_long_selects,495_Selects_CumulativeFile_Data_1971-2015_v1.0.dta,year,,,weightc,,,vdn1b,vp1,,pid2b,,,,,,,,,,,,,,,vdr1b,vp2,,sex,age,,lr1,lr3,,lr2,,lr4,,lr5,lr7,,lr10,lr12,,lr6,,,,lr11,lr9,lr14,lr15,,,,,,,,,,,sypa1,,sypa2,,sypa3,,sypa4,sypa5,sypa6,sypa7,sypa8,sypa9,sypa10,sypa11,,,,,,,,
Switzerland,2015,2015-10-18,CH,CH-2015-10,CH.2015,"Selects: Swiss national election studies, cumulated file 1971-2015 [Dataset]",1,https://forsbase.unil.ch/project/study-public-overview/14738/0/,3,NES_CH_1971-2015,20201027_nes_recodes.do,ch_long_selects,495_Selects_CumulativeFile_Data_1971-2015_v1.0.dta,year,,,weightc,,,vdn1b,vp1,,pid2b,,,,,,,,,,,,,,,vdr1b,vp2,,sex,age,,lr1,lr3,,lr2,,lr4,,lr5,lr7,,lr10,lr12,,lr6,,,,lr11,lr9,lr14,lr15,,,,,,,,,,,sypa1,,sypa2,,sypa3,,sypa4,sypa5,sypa6,sypa7,sypa8,sypa9,sypa10,sypa11,,,,,,,,
Switzerland,2019,2019-10-20,CH,CH-2019-10,CH.2019,Selects 2019 Post-Election Survey,1,https://forsbase.unil.ch/datasets/dataset-public-detail/16968/2077/,3,NES_CH_2019,20210120_nes_recodes_new_data.do,ch2019,1179_Selects2019_PES_Data_v1.0.0.dta,,,,,,,f11800rec,f11100rec,,f14010rec,,,,,,,,,,,,,,,f10300rec,f10200rec,f13700,sex,age,,f15200,f15130a,,f15130b,,f15130c,,f15130d,f15130e,f15130f,f15130g,f15130h,,f15130i,,,,,,,,,,,,,,,,,,,,,,,,,,,,,,,,,,,,,,,
Turkey,2011,2011-06-12,TR,TR-2011-06,TR.2011,CSES 3,1,https://cses.org/data-download/cses-module-3-2006-2011-2/,1,CSES3,20201027_cses_recodes.do,cses3,cses3.dta,C1004,,C1010_1,C1010_2,C1010_3,,C3023_LH_PL,C3021_1,,C3020_3,,,,,,,,,,,,,C3020_1,C3020_2,C3032_LH_PL,C3031,C3019,C2002,C2001,,C3013,C3011_A,,C3011_B,,C3011_C,,C3011_D,C3011_E,C3011_F,C3011_G,C3011_H,,C3011_I,,,,,,,,,,,,,,,,,,C3009_A,,C3009_B,,C3009_C,,C3009_D,C3009_E,C3009_F,C3009_G,C3009_H,C3009_I,,,,,,,,,,
Turkey,2015,2015-06-07,TR,TR-2015-06,TR.201506,CSES 4,2018,https://cses.org/data-download/module-4-2011-2016/,1,CSES4,20201027_cses_recodes.do,cses4,cses4.dta,D1004,,D1010_1,D1010_2,D1010_3,,D3006_LH_PL,D3005_LH,,D3018_3,,,,,,,,,,,,,D3018_1,D3018_2,D3008_LH_PL,D3007_LH,D3017,D2002,D2001_Y,,D3014,D3013_A,,D3013_B,,D3013_C,,D3013_D,D3013_E,D3013_F,,,,,,,,,,,,,,,,,,,,,,D3011_A,,D3011_B,,D3011_C,,D3011_D,D3011_E,D3011_F,,,,,,,,,,,,,
Turkey,2018,2018-06-24,TR,TR-2018-06,TR.2018,CSES 5,2020,https://cses.org/data-download/cses-module-5-2016-2021/,1,CSES5,20201027_cses_recodes.do,cses5,cses5.dta,E1004,,E1010_1,E1010_2,E1010_3,,E3013_LH_PL,E3012_LH,,E3024_3,,,,,,,,,,,,,E3024_1,E3024_2,E3015_LH_PL,E3014_LH,E3023,E2002,E2001_Y,,E3020,E3019_A,,E3019_B,,E3019_C,,E3019_D,E3019_E,E3019_F,,,,,,,,,,,,,,,,,,,,,,E3017_A,,E3017_B,,E3017_C,,E3017_D,E3017_E,E3017_F,,,,,,,,,,,,,
United Kingdom,1974,1974-02-28,GB,GB-1974-02,GB.197402,The European Voter Database,1,https://search.gesis.org/research_data/ZA3911,3,EVP_1973-1998,20201027_nes_recodes.do,gb197402,ZA3911_gb_1974f.dta,,,,,,,vote,,,pid,,,,,,,,,,,,,,,vote1ago,,,sex,age,,,,,,,,,,,,,,,,,,,,,,,,,,,,,,,,,symp1,,symp2,,symp3,,,,,,,,,,,,,,,,,
United Kingdom,1974,1974-10-10,GB,GB-1974-10,GB.197410,The European Voter Database,1,https://search.gesis.org/research_data/ZA3911,3,EVP_1973-1998,20201027_nes_recodes.do,gb197410,ZA3911_gb_1974o.dta,,,,,,,vote,,,pid,,,,,,,,,,,,,,,vote1ago,,,sex,age,,,,,,,,,,,,,,,,,,,,,,,,,,,,,,,,,symp1,,symp2,,symp3,,,,,,,,,,,,,,,,,
United Kingdom,1979,1979-05-03,GB,GB-1979-05,GB.1979,The European Voter Database,1,https://search.gesis.org/research_data/ZA3911,3,EVP_1973-1998,20201027_nes_recodes.do,gb1979,ZA3911_gb_1979.dta,,,,weight,,,vote,,,pid,,,,,,,,,,,,,,,vote1ago,,,sex,age,,,,,,,,,,,,,,,,,,,,,,,,,,,,,,,,,symp1,,symp2,,symp3,,,,,,,,,,,,,,,,,
United Kingdom,1983,1983-06-09,GB,GB-1983-06,GB.1983,The European Voter Database,1,https://search.gesis.org/research_data/ZA3911,3,EVP_1973-1998,20201027_nes_recodes.do,gb1983,ZA3911_gb_1983.dta,,,,weight,,,vote,,,pid,,,,,,,,,,,,,,,vote1ago,,,sex,age,,,,,,,,,,,,,,,,,,,,,,,,,,,,,,,,,symp1,,symp2,,symp3,,,,,,,,,,,,,,,,,
United Kingdom,1987,1987-06-11,GB,GB-1987-06,GB.1987,The European Voter Database,1,https://search.gesis.org/research_data/ZA3911,3,EVP_1973-1998,20201027_nes_recodes.do,gb1987,ZA3911_gb_1987.dta,,,,weight,,,vote,,,pid,,,,,,,,,,,,,,,vote1ago,,,sex,age,,,,,,,,,,,,,,,,,,,,,,,,,,,,,,,,,symp1,,symp2,,symp3,,,,,,,,,,,,,,,,,
United Kingdom,1992,1992-04-09,GB,GB-1992-04,GB.1992,The European Voter Database,1,https://search.gesis.org/research_data/ZA3911,3,EVP_1973-1998,20201027_nes_recodes.do,gb1992,ZA3911_gb_1992.dta,,,,weight,,,vote,,,pid,,,,,,,,,,,,,,,vote1ago,,,sex,age,,,,,,,,,,,,,,,,,,,,,,,,,,,,,,,,,symp1,,symp2,,symp3,,,,,,,,,,,,,,,,,
United Kingdom,1997,1997-05-01,GB,GB-1997-05,GB.1997,The European Voter Database,1,https://search.gesis.org/research_data/ZA3911,3,EVP_1973-1998,20201027_nes_recodes.do,gb1997,ZA3911_gb_1997.dta,,,,weight,,,vote,,,pid,,,,,,,,,,,,,,,vote1ago,,,sex,age,,,,,,,,,,,,,,,,,,,,,,,,,,,,,,,,,symp1,,symp2,,symp3,,,,,,,,,,,,,,,,,
United Kingdom,2001,2001-06-07,GB,GB-2001-06,GB.2001,The European Voter Database,1,https://search.gesis.org/research_data/ZA3911,3,EVP_1973-1998,20201027_nes_recodes.do,gb2001,ZA3911_gb_2001.dta,,,,weight,,,vote,,,pid,,,,,,,,,,,,,,,vote1ago,,,sex,age,,,,,,,,,,,,,,,,,,,,,,,,,,,,,,,,,symp1,,symp2,,symp3,,,,,,,,,,,,,,,,,
United Kingdom,2005,2005-05-05,GB,GB-2005-05,GB.2005,"British Election Study, 2005: Face-to-Face Survey [computer file]",2015,https://www.britishelectionstudy.com/data-object/2005-bes-post-election-survey/,2,NES_GB_2005,20201027_nes_recodes.do,gb2005,2005BESb.dta,version2,wave,,postwtbr,,,bq12b,bq12a,,,,,,,,,,,,,,,,,bq44,,bq65,bq76,bq77,,bq39a,bq39b,,bq39c,,bq39d,,,,bq39e,bq39f,,,,,,,,,,,,,,,,,,,,,cq22b,,cq22a,,cq22c,,cq22d,cq22e,cq22fsc,cq22fwa,,,,,,,,,,,,
United Kingdom,2010,2010-05-06,GB,GB-2010-05,GB.2010,"British Election Study, 2010: Face-to-Face Survey [computer file]",2015,https://www.britishelectionstudy.com/data-object/2010-bes-cross-section/,2,NES_GB_2010,20201027_nes_recodes.do,gb2010,2010BESprepost.dta,prepost,,,postwgt,,,bq12_2,bq12_1,,bq9_1,,,,,,,,,,,,,,,bq46_1,,bq61,bq88,bq89,,cq16b,,,,,,,,,,,,,,,,,,,,,,,,,,,,,,,cq23_1,,cq23_2,,cq23_3,,cq23_4,cq23_5,cq23_6,cq23_7s,cq23_7w,,,,,,,,,,,
United Kingdom,2015,2015-05-07,GB,GB-2015-05,GB.2015,CSES 4,2018,https://cses.org/data-download/module-4-2011-2016/,1,CSES4,20201027_cses_recodes.do,cses4,cses4.dta,D1004,,D1010_1,D1010_2,D1010_3,,D3006_LH_DC,D3005_LH,,D3018_3,,,,,,,,,,,,,D3018_1,D3018_2,D3008_LH_DC,D3007_LH,D3017,D2002,D2001_Y,,D3014,D3013_A,,D3013_B,,D3013_C,,D3013_D,D3013_E,D3013_F,D3013_G,,,,,,,,,,,,,,,,,,,,,D3011_A,,D3011_B,,D3011_C,,D3011_D,D3011_E,D3011_F,D3011_G,,,,,,,,,,,,
United Kingdom,2017,2017-06-08,GB,GB-2017-06,GB.2017,"British Election Study, 2017: Face-to-Face Survey [computer file]",1,https://www.britishelectionstudy.com/bes-resources/british-election-study-2017-face-to-face-survey-v1-0-release-note/,2,NES_GB_2017,20201027_nes_recodes.do,gb2017,bes_f2f_2017_v1.3.dta,,,,wt_demog,,,b02,b04,,d03,,,,,,,,,,,,,,,u05,,m01,y09,Age,,e01,q9_cses_1,,q9_cses_2,,q9_cses_3,,,,,,,,,,,,,,,,,,,,,,,,,,q11_cses_1,,q11_cses_2,,q11_cses_3,,,,,,,,,,,,,,,,,
United Kingdom,2019,2019-12-12,GB,GB-2019-12,,"British Election Study, 2019",1.0.0,,,NES_GB_2019,,gb2019,bes_rps_2019_1.0.0.dta,,,wt_sel_wt,wt_demog,wt_vote,,b02,b01,,d01,d03,,,,,,,,,,,,d02,,u05,,m01,y09,Age,,e01,Q9_CSES_1,,Q9_CSES_2,,Q9_CSES_3,,Q9_CSES_4,Q9_CSES_5,Q9_CSES_6,Q9_CSES_8,,,,,,,,,,,,,,,,,,,,,s01_2,,s01_1,,s01_3,,s01_6,s01_7,s01_5,s01_4,,,,,,,,,,,,
United States,1980,1980-11-04,US,US-1980-11,US.1980,ANES 1980 Time Series Study,3,https://www.icpsr.umich.edu/web/ICPSR/studies/7763,1,Miller2016c,20201027_nes_recodes_new_countries.do,us1980,NES1980.dta,,,,,,,V800994,V800988,,V800225,,,,,,,,,,,,,,,V800354,V800353,,V800720,V800408,,,,,,,,,,,,,,,,,,,,,,,,,,,,,,,,,V800169,,V800168,,V800170,,,,,,,,,,,,,,,,,
United States,1992,1992-11-03,US,US-1992-11,US.1992,ANES 1992 Time Series Study,3,https://www.icpsr.umich.edu/web/ICPSR/studies/6067,1,Miller2016b,20201027_nes_recodes_new_countries.do,us1992,NES1992.dta,,,,,,,V925609,V925601,V925608,V900319,,,,,,,,,,,,,,,V900167,V900166,,V924201,V923903,,,,,,,,,,,,,,,,,,,,,,,,,,,,,,,,,V900152,,V900151,,,,,,,,,,,,,,,,,,,
United States,1996,1996-11-05,US,US-1996-11,US.1996,ANES 1996 Time Series Study,6,https://www.icpsr.umich.edu/web/ICPSR/studies/6896/versions/V6/summary,1,Rosenstone2016,20201027_nes_recodes_new_countries.do,us1996,nes96.dta,,,,,,,V961082,V961074,,V961462,,,,,,,,,,,,,V961461,,V960204,V960203,V961459,V960066,V960605,,V961484,,,,,,,,,,,,,,,,,,,,,,,,,,,,,,,V960292,,V960293,,,,,,,,,,,,,,,,,,,
United States,2000,2000-11-07,US,US-2000-11,US.2000,ANES 2000 Time Series Study,4,https://www.icpsr.umich.edu/web/ICPSR/studies/3131,1,Burns2016,20201027_nes_recodes_new_countries.do,us2000,anes2000TS.dta,V000003,,,,,,V001249,V001241,V001248,V000522,,,,,,,,,,,,,,,V000304,V000303,V001651,V001029,V000908,,,,,,,,,,,,,,,,,,,,,,,,,,,,,,,,,V000370,,V000369,,,,,,,,,,,,,,,,,,,
United States,2004,2004-11-02,US,US-2004-11,US.2004,CSES 2,2015,https://cses.org/data-download/cses-module-2-2001-2006/,1,CSES2,20201027_cses_recodes.do,cses2,cses2.dta,B1004,,B1010_1,B1010_2,B1010_3,,B3005_1,B3004_1,,B3029_1,B3035,,,,,,,,,,,,B3028,B3034,B3017,B3016,B3012,B2002,B2001,,B3045,B3038_A,,B3038_B,,B3038_C,,,,,,,,,,,,,,,,,,,,,,,,,,B3037_A,,B3037_B,,B3037_C,,,,,,,,,,,,,,,,,
United States,2008,2008-11-04,US,US-2008-11,US.2008,ANES 2008,1,https://electionstudies.org/data-center/2008-time-series-study/,1,ANES2008,,us2008,anes_timeseries_2008.dta,V080102a,,,,V080102a,,V085044a,V085044,,V085185a,,,,,,,,,,,,,V085185,,V083007a,V083007,V085194,V081101,V083215a,,V085191,V085189a,,V085189b,,,,,,,,,,,,,,,,,,,,,,,,,,,,V085187a,,V085187b,,,,,,,,,,,,,,,,,,,
United States,2012,2012-11-06,US,US-2012-11,US.2012,CSES 4,2018,https://cses.org/data-download/module-4-2011-2016/,1,CSES4,20201027_cses_recodes.do,cses4,cses4.dta,D1004,,D1010_1,D1010_2,D1010_3,,D3006_PR_1,D3005_PR_1,,D3018_3,,,,,,,,,,,,,D3018_1,D3018_2,D3008_PR_1,D3007_PR_1,D3017,D2002,D2001_Y,,D3014,D3013_A,,D3013_B,,,,,,,,,,,,,,,,,,,,,,,,,,,,D3011_A,,D3011_B,,,,,,,,,,,,,,,,,,,
United States,2016,2016-11-08,US,US-2016-11,US.2016,CSES 5,2020,https://cses.org/data-download/cses-module-5-2016-2021/,1,CSES5,20201027_cses_recodes.do,cses5,cses5.dta,E1004,,E1010_1,E1010_2,E1010_3,,E3013_PR_1,E3012_PR_1,,E3024_3,,,,,,,,,,,,,E3024_1,E3024_2,E3015_PR_1,E3014_PR_1,E3023,E2002,E2001_Y,,E3020,E3019_A,,E3019_B,,,,,,,,,,,,,,,,,,,,,,,,,,,,E3017_A,,E3017_B,,,,,,,,,,,,,,,,,,,